CREATE DATABASE  IF NOT EXISTS `movierental` /*!40100 DEFAULT CHARACTER SET latin1 */;
USE `movierental`;
-- MySQL dump 10.13  Distrib 5.7.17, for Win64 (x86_64)
--
-- Host: localhost    Database: movierental
-- ------------------------------------------------------
-- Server version	5.5.37

/*!40101 SET @OLD_CHARACTER_SET_CLIENT=@@CHARACTER_SET_CLIENT */;
/*!40101 SET @OLD_CHARACTER_SET_RESULTS=@@CHARACTER_SET_RESULTS */;
/*!40101 SET @OLD_COLLATION_CONNECTION=@@COLLATION_CONNECTION */;
/*!40101 SET NAMES utf8 */;
/*!40103 SET @OLD_TIME_ZONE=@@TIME_ZONE */;
/*!40103 SET TIME_ZONE='+00:00' */;
/*!40014 SET @OLD_UNIQUE_CHECKS=@@UNIQUE_CHECKS, UNIQUE_CHECKS=0 */;
/*!40014 SET @OLD_FOREIGN_KEY_CHECKS=@@FOREIGN_KEY_CHECKS, FOREIGN_KEY_CHECKS=0 */;
/*!40101 SET @OLD_SQL_MODE=@@SQL_MODE, SQL_MODE='NO_AUTO_VALUE_ON_ZERO' */;
/*!40111 SET @OLD_SQL_NOTES=@@SQL_NOTES, SQL_NOTES=0 */;

--
-- Table structure for table `country`
--

DROP TABLE IF EXISTS `country`;
/*!40101 SET @saved_cs_client     = @@character_set_client */;
/*!40101 SET character_set_client = utf8 */;
CREATE TABLE `country` (
  `CountryID` int(11) NOT NULL,
  `CountryName` varchar(100) DEFAULT NULL,
  PRIMARY KEY (`CountryID`)
) ENGINE=InnoDB DEFAULT CHARSET=latin1;
/*!40101 SET character_set_client = @saved_cs_client */;

--
-- Dumping data for table `country`
--

LOCK TABLES `country` WRITE;
/*!40000 ALTER TABLE `country` DISABLE KEYS */;
INSERT INTO `country` VALUES (1,'Heard Island and McDonald Islands'),(2,'United Arab Emirates'),(3,'Rwanda'),(4,'Uruguay'),(5,'Norfolk Island'),(6,'Isle of Man'),(7,'Bahamas'),(8,'Georgia'),(9,'French Guiana'),(10,'Liechtenstein'),(11,'Ukraine'),(12,'Morocco'),(13,'Niue'),(14,'Estonia'),(15,'Sri Lanka'),(16,'Heard Island and McDonald Islands'),(17,'Korea'),(18,'Papua New Guinea'),(19,'Iceland'),(20,'Bangladesh'),(21,'Bahrain'),(22,'Slovenia'),(23,'Lao Peoples Democratic Republic'),(24,'Belgium'),(25,'France'),(26,'Lithuania'),(27,'Central African Republic'),(28,'Cuba'),(29,'Palestinian Territory'),(30,'United Arab Emirates'),(31,'French Southern Territories'),(32,'United States Minor Outlying Islands'),(33,'Australia'),(34,'Qatar'),(35,'Cote dIvoire'),(36,'Philippines'),(37,'Morocco'),(38,'Afghanistan'),(39,'Colombia'),(40,'Portugal'),(41,'Faroe Islands'),(42,'Angola'),(43,'Malta'),(44,'Bhutan'),(45,'Timor-Leste'),(46,'South Africa'),(47,'Tanzania'),(48,'Guernsey'),(49,'Lesotho'),(50,'Kiribati'),(51,'Turks and Caicos Islands'),(52,'Andorra'),(53,'Faroe Islands'),(54,'Bulgaria'),(55,'Ghana'),(56,'Uganda'),(57,'Italy'),(58,'Cyprus'),(59,'Uzbekistan'),(60,'Gambia'),(61,'Heard Island and McDonald Islands'),(62,'Slovenia'),(63,'El Salvador'),(64,'United Arab Emirates'),(65,'South Africa'),(66,'Mozambique'),(67,'Argentina'),(68,'Cayman Islands'),(69,'Poland'),(70,'French Guiana'),(71,'Azerbaijan'),(72,'Ethiopia'),(73,'Czech Republic'),(74,'Saint Martin'),(75,'Finland'),(76,'Austria'),(77,'Cyprus'),(78,'South Africa'),(79,'Sweden'),(80,'Liberia'),(81,'Mayotte'),(82,'Bahamas'),(83,'Libyan Arab Jamahiriya'),(84,'Senegal'),(85,'Serbia'),(86,'Timor-Leste'),(87,'Guyana'),(88,'Guinea'),(89,'Ghana'),(90,'Ethiopia'),(91,'Ethiopia'),(92,'Burkina Faso'),(93,'Martinique'),(94,'French Guiana'),(95,'Peru'),(96,'Micronesia'),(97,'Lithuania'),(98,'Netherlands'),(99,'Suriname'),(100,'France'),(101,'Mauritania'),(102,'Turks and Caicos Islands'),(103,'Qatar'),(104,'French Southern Territories'),(105,'Angola'),(106,'Somalia'),(107,'Russian Federation'),(108,'Switzerland'),(109,'Montenegro'),(110,'Syrian Arab Republic'),(111,'British Virgin Islands'),(112,'Kyrgyz Republic'),(113,'Korea'),(114,'Afghanistan'),(115,'Solomon Islands'),(116,'Libyan Arab Jamahiriya'),(117,'Brazil'),(118,'Central African Republic'),(119,'Norfolk Island'),(120,'United States Virgin Islands'),(121,'Ethiopia'),(122,'Somalia'),(123,'Central African Republic'),(124,'Falkland Islands (Malvinas)'),(125,'Oman'),(126,'French Guiana'),(127,'Kenya'),(128,'Martinique'),(129,'Finland'),(130,'Australia'),(131,'Micronesia'),(132,'Belize'),(133,'Togo'),(134,'Cayman Islands'),(135,'Denmark'),(136,'Lao Peoples Democratic Republic'),(137,'Myanmar'),(138,'Guyana'),(139,'Cuba'),(140,'Trinidad and Tobago'),(141,'Saint Kitts and Nevis'),(142,'Saint Pierre and Miquelon'),(143,'Macao'),(144,'Seychelles'),(145,'Saint Barthelemy'),(146,'Bermuda'),(147,'Grenada'),(148,'Cameroon'),(149,'Indonesia'),(150,'Malawi'),(151,'France'),(152,'Algeria'),(153,'Netherlands'),(154,'Antigua and Barbuda'),(155,'Comoros'),(156,'Croatia'),(157,'Cocos (Keeling) Islands'),(158,'Malaysia'),(159,'Uzbekistan'),(160,'Netherlands Antilles'),(161,'Argentina'),(162,'Netherlands Antilles'),(163,'Libyan Arab Jamahiriya'),(164,'Svalbard & Jan Mayen Islands'),(165,'Philippines'),(166,'Peru'),(167,'Martinique'),(168,'Benin'),(169,'Svalbard & Jan Mayen Islands'),(170,'Madagascar'),(171,'Switzerland'),(172,'Anguilla'),(173,'Luxembourg'),(174,'Myanmar'),(175,'Botswana'),(176,'Hong Kong'),(177,'Swaziland'),(178,'United States of America'),(179,'Peru'),(180,'Mayotte'),(181,'Guyana'),(182,'Saint Lucia'),(183,'Malaysia'),(184,'Russian Federation'),(185,'Albania'),(186,'Switzerland'),(187,'Vietnam'),(188,'Dominican Republic'),(189,'French Guiana'),(190,'Saint Martin'),(191,'Papua New Guinea'),(192,'Oman'),(193,'Saint Vincent and the Grenadines'),(194,'Fiji'),(195,'Jersey'),(196,'Latvia'),(197,'United States Minor Outlying Islands'),(198,'Mexico'),(199,'Jordan'),(200,'Finland');
/*!40000 ALTER TABLE `country` ENABLE KEYS */;
UNLOCK TABLES;

--
-- Table structure for table `customer`
--

DROP TABLE IF EXISTS `customer`;
/*!40101 SET @saved_cs_client     = @@character_set_client */;
/*!40101 SET character_set_client = utf8 */;
CREATE TABLE `customer` (
  `CustomerID` int(11) NOT NULL,
  `Title` varchar(10) DEFAULT NULL,
  `FirstName` varchar(50) DEFAULT NULL,
  `LastName` varchar(50) DEFAULT NULL,
  `Phone` char(10) DEFAULT NULL,
  `Email` varchar(100) DEFAULT NULL,
  PRIMARY KEY (`CustomerID`)
) ENGINE=InnoDB DEFAULT CHARSET=latin1;
/*!40101 SET character_set_client = @saved_cs_client */;

--
-- Dumping data for table `customer`
--

LOCK TABLES `customer` WRITE;
/*!40000 ALTER TABLE `customer` DISABLE KEYS */;
INSERT INTO `customer` VALUES (1,'Dr','Brandon','Crawford','0427142751','nguyen.vo@vit.edu.au'),(2,'Dr','Tommy','Evans','0449328620','franklin44@yahoo.com.au'),(3,'Ms','Brittany','Reed','0425987993','perkinsjacob@gmail.com'),(4,'Prof','Michelle','Fowler','0429263364','wblackwell@fleming.org.au'),(5,'Mrs','Kenneth','Hunter','0453629646','helengreen@hotmail.com.au'),(6,'Dr','Jessica','Bridges','0472513695','johnjones@hotmail.com'),(7,'Mrs','Jonathan','Baker','0497976350','brian38@smith.org.au'),(8,'Dr','Matthew','Allen','0477251018','kevinwiley@bowen.edu.au'),(9,'Mr','Sara','Bates','0491714679','caitlyn80@johnson.org'),(10,'Prof','Margaret','Manning','0463549702','brianharvey@gomez-martin.net'),(11,'Mr','Angel','Santos','0457988380','phelpsabigail@hotmail.com.au'),(12,'Dr','Jessica','Chapman','0498141996','bennettsandra@hotmail.com'),(13,'Mrs','Patricia','Williams','0404675957','thomasreynolds@sellers.net'),(14,'Mrs','Walter','Anderson','0437295978','nathanbanks@coleman-brown.edu'),(15,'Dr','Justin','Baldwin','0459992609','castroshawn@yahoo.com.au'),(16,'Mrs','Ann','King','0469093224','james28@morris.org'),(17,'Mrs','Robert','Pierce','0462933293','james78@yahoo.com'),(18,'Dr','James','Davis','0466877438','frankarmstrong@pennington.biz'),(19,'Mr','Molly','Grimes','0444068973','llowe@yahoo.com.au'),(20,'Mrs','Christopher','Chavez','0420958825','edwinnguyen@carter-casey.com.au'),(21,'Dr','Mary','Lewis','0459534772','rebecca30@hotmail.com'),(22,'Prof','Jeffrey','Jones','0468120886','thompsonbrenda@patel.org.au'),(23,'Dr','Karl','Jimenez','0414452917','noah75@gmail.com'),(24,'Mrs','Jonathan','Arnold','0473286419','rachelstone@yahoo.com.au'),(25,'Mr','Natalie','Torres','0469802590','cmorgan@martin.net.au'),(26,'Ms','Chris','Wright','0493447645','schristensen@ortiz-carrillo.edu.au'),(27,'Ms','Gary','Garcia','0417203472','shellywilliams@gmail.com'),(28,'Dr','George','Johnson','0445997360','fredblake@hotmail.com'),(29,'Prof','Ashley','Ford','0492287872','alyssa35@mccormick-phillips.edu'),(30,'Mrs','Stephanie','Roberts','0420988444','justinellis@howard.edu'),(31,'Dr','Jillian','Barnett','0467212136','hbrown@hotmail.com'),(32,'Prof','Ann','Brown','0473759733','barkerryan@king.net'),(33,'Dr','James','Jones','0479362261','richardsonnicholas@reeves.org'),(34,'Mrs','Ashley','Clay','0460525969','weaverjared@brown.biz'),(35,'Dr','Joel','Hill','0483786689','michaelclarke@hayes.net.au'),(36,'Ms','Emily','Santiago','0466835832','qcunningham@banks.info'),(37,'Mr','Shannon','Boyd','0473355304','fisherwendy@simpson.com.au'),(38,'Dr','Mark','Schultz','0425940504','thomaswhitney@yahoo.com.au'),(39,'Mr','Lynn','Yates','0437566691','samantha65@yahoo.com'),(40,'Ms','Joshua','Patrick','0435859871','sayers@barnes.com'),(41,'Prof','Todd','Phillips','0409320704','eric71@lewis.edu'),(42,'Prof','Brenda','Rogers','0433542717','omartaylor@jackson-lane.net.au'),(43,'Dr','Jerome','Pennington','0454566142','kmendez@baker-leonard.com'),(44,'Mrs','Hailey','Owens','0435877317','wmendoza@deleon.info'),(45,'Prof','Christine','Martinez','0404489645','ikerr@rosales.com.au'),(46,'Prof','Juan','Mccall','0448557575','sharon56@duke-dunn.org'),(47,'Prof','Elijah','Adams','0474766518','huntnathan@hill-graham.edu.au'),(48,'Dr','Maria','Cochran','0410686451','xhouston@adams-wilson.org.au'),(49,'Mr','Daniel','Perez','0441115124','markwilson@paul-davis.net.au'),(50,'Mrs','William','Evans','0464208904','deanna47@yahoo.com'),(51,'Ms','Cody','Ray','0414020195','evansangelica@gmail.com'),(52,'Mrs','Jennifer','Jimenez','0452534357','antonio76@yahoo.com.au'),(53,'Ms','Melissa','Webster','0456323251','mendozasarah@yahoo.com.au'),(54,'Mr','Christine','Andrews','0486790238','walkersandra@hotmail.com'),(55,'Ms','William','Peterson','0495754889','vanessawhite@barton-clayton.org.au'),(56,'Ms','Nicholas','Cunningham','0462443056','victor22@hotmail.com'),(57,'Prof','Nicolas','Williams','0424858603','cynthia21@martinez.com.au'),(58,'Mrs','Sharon','Austin','0461718211','crystal58@hernandez.edu.au'),(59,'Mrs','Robert','Rice','0469515495','timothyhamilton@gmail.com'),(60,'Mr','Francisco','Porter','0402734881','kristarodriguez@johnson.edu.au'),(61,'Prof','Juan','Allen','0494259752','audrey85@anderson.com.au'),(62,'Dr','Jeremy','Moore','0412983239','daniellehenderson@swanson-holland.org'),(63,'Mrs','Jeremiah','Phillips','0404004654','omartin@howell.net.au'),(64,'Mrs','Kevin','Ford','0461589556','lwong@farley-bishop.biz'),(65,'Ms','Phillip','Walton','0458471851','khall@yahoo.com.au'),(66,'Mrs','Robert','Turner','0452792576','vargasronald@yahoo.com'),(67,'Prof','Michael','Erickson','0411625853','caldwellstephanie@cook.info'),(68,'Mrs','Nicole','Hinton','0403369489','alandunlap@yahoo.com.au'),(69,'Ms','Paul','Jackson','0487501494','joseph60@yahoo.com'),(70,'Prof','Kurt','Holmes','0438024956','cynthiapowers@lewis.com'),(71,'Prof','Derrick','Sims','0498200188','adam26@gmail.com'),(72,'Mrs','Edwin','Petersen','0462203075','lisacollins@reynolds.edu.au'),(73,'Prof','Elizabeth','Brown','0484916656','joconnell@hotmail.com'),(74,'Dr','Evan','Smith','0466462457','hansondaniel@thomas.edu'),(75,'Mrs','James','Hunt','0451324458','romerodonna@yahoo.com'),(76,'Ms','Christopher','Anderson','0494745794','pmonroe@davis.info'),(77,'Mrs','Stephen','Jones','0403779540','benjamin73@gomez.org'),(78,'Mr','Stacy','Morales','0449592468','rmurphy@benton.net.au'),(79,'Dr','Scott','Anthony','0418541795','lisamatthews@yahoo.com.au'),(80,'Dr','Nicole','Miller','0459329760','amandafranklin@greene-pacheco.com'),(81,'Mrs','Michael','Livingston','0466190020','danielspears@hotmail.com.au'),(82,'Ms','Kristen','Weaver','0478222746','keithgutierrez@madden.com.au'),(83,'Mr','Mark','Murphy','0495952008','brianwilliams@hotmail.com'),(84,'Prof','Joan','Dawson','0406822467','morrisontom@white.net'),(85,'Dr','David','Smith','0436515638','hawkinsdarryl@yahoo.com.au'),(86,'Prof','George','Briggs','0443968247','urowe@strickland.com'),(87,'Mrs','James','Henderson','0480960366','jeremyrichards@yahoo.com'),(88,'Mrs','Richard','Greene','0461006886','choinicole@brown.com.au'),(89,'Dr','Francisco','Watkins','0446699017','bpatel@dawson.org'),(90,'Mr','Laura','Oneal','0481948416','jennifer77@rodriguez-randall.org'),(91,'Prof','Gabriel','Berger','0464978910','jeffrey69@dunlap.net'),(92,'Mrs','Russell','Anderson','0438469765','lori16@nixon.org'),(93,'Dr','Erica','Foster','0447152468','denise47@hotmail.com'),(94,'Ms','Debra','Simon','0429148559','maureen95@yahoo.com.au'),(95,'Dr','Michael','Boyle','0466672376','darrell54@hotmail.com'),(96,'Prof','Mark','Brown','0439284489','holmesnicole@yahoo.com'),(97,'Dr','Paula','Smith','0400291083','michaelchurch@king-riggs.net'),(98,'Ms','Aimee','Gonzales','0410574440','eddiegarcia@smith-orozco.edu.au'),(99,'Prof','David','Gonzalez','0492772765','reidkyle@yahoo.com'),(100,'Ms','Christopher','Reyes','0436759678','eric58@hotmail.com'),(101,'Prof','Amber','Sanchez','0423360639','lruiz@miller.com.au'),(102,'Mr','Todd','Lee','0430450865','beth89@walker.com.au'),(103,'Mrs','Alexander','Anderson','0498228403','yjones@yahoo.com.au'),(104,'Dr','Mary','Rosales','0499868965','cardenaselizabeth@sutton.info'),(105,'Ms','Rhonda','Hall','0491320877','xthompson@yahoo.com'),(106,'Mrs','Dave','Thompson','0499072195','oliviabarrett@rivas.biz'),(107,'Ms','Micheal','Hansen','0443112864','makayla00@winters-walker.net'),(108,'Mrs','Samantha','Morgan','0411396295','lisabentley@yahoo.com'),(109,'Dr','Christopher','Burke','0406149162','davistodd@reyes-pearson.edu.au'),(110,'Mr','Kylie','Thomas','0483358861','margaret14@gmail.com'),(111,'Ms','Colleen','Jackson','0401431432','michelle71@becker.net'),(112,'Dr','Amanda','Lee','0465051341','johnmorse@hotmail.com.au'),(113,'Prof','Rachel','Ramirez','0444375278','patrick11@yahoo.com.au'),(114,'Prof','Donna','Butler','0422078008','knunez@marshall.net'),(115,'Mr','Whitney','Perez','0491794722','davisrussell@johnson-nguyen.biz'),(116,'Ms','Jeanette','Wilkinson','0408883337','barbara24@freeman-murillo.com.au'),(117,'Mr','Christine','Garza','0441569923','npoole@avila.com.au'),(118,'Prof','Matthew','Kerr','0483480311','scottpotter@hendricks-curtis.com.au'),(119,'Mr','Joyce','Henry','0429266519','newtonmary@yahoo.com.au'),(120,'Mrs','Richard','Le','0478558186','elizabeth61@gray-jenkins.edu.au'),(121,'Mrs','Richard','Jackson','0467314961','hollanddavid@yahoo.com.au'),(122,'Mr','Matthew','Harris','0421352608','brianmatthews@yahoo.com'),(123,'Dr','Bailey','Bailey','0444172618','mhumphrey@zamora.biz'),(124,'Ms','Victoria','Garcia','0419538445','kimmichael@yahoo.com'),(125,'Mrs','Judy','Mason','0431218619','julia63@terry-chavez.org.au'),(126,'Mrs','Sarah','Sanders','0446384671','poncerobert@patel.com'),(127,'Dr','Stephanie','Sparks','0444279191','juan16@white.biz'),(128,'Ms','Crystal','Wright','0404917541','oscarmay@jackson-graham.com'),(129,'Dr','Corey','Stewart','0424305321','dfuller@yahoo.com.au'),(130,'Prof','Ashley','Cummings','0473785621','castronicholas@martinez.org'),(131,'Ms','David','Parker','0427566878','michaelscott@meadows.net.au'),(132,'Mr','Paul','Diaz','0491624189','jharrison@macdonald.biz'),(133,'Dr','Robert','Robinson','0460430598','jeremymorris@carrillo.edu'),(134,'Mrs','Cynthia','Johns','0447148491','comptonronald@gmail.com'),(135,'Ms','Christopher','Archer','0468237097','elizabeth65@arnold.org'),(136,'Mrs','Laura','Anderson','0487188290','jesus66@jackson.biz'),(137,'Prof','Kim','Pacheco','0485861913','xmerritt@wilson.info'),(138,'Ms','Christine','Garcia','0437984827','heatherrodgers@yahoo.com.au'),(139,'Dr','April','Woods','0474679175','mitchellrobert@wagner.edu.au'),(140,'Ms','David','Mccall','0436317857','bryanlarsen@hotmail.com.au'),(141,'Prof','Danielle','Perez','0407313166','stephaniebrown@ortiz-robinson.com'),(142,'Mr','Molly','Phelps','0464201656','livingstonalexandria@yahoo.com.au'),(143,'Ms','Lauren','Hansen','0423621694','mendozatracy@roberts.com'),(144,'Mrs','Jimmy','Hamilton','0400723371','vincentsmith@gmail.com'),(145,'Prof','Teresa','Kelley','0456080717','gordonantonio@clark.net'),(146,'Mr','Brittney','Green','0489368243','steven34@flowers.edu.au'),(147,'Mrs','Lindsay','Graham','0460742666','shawn16@hotmail.com.au'),(148,'Mrs','Lisa','Green','0444141943','vancedonald@gmail.com'),(149,'Mr','Ashley','Smith','0433574142','wsanford@hotmail.com.au'),(150,'Dr','Heidi','Beck','0450622993','melissa68@hotmail.com.au'),(151,'Dr','Stephanie','Brown','0484920561','weissashley@mann.edu.au'),(152,'Prof','Randall','Kennedy','0474061152','catherine04@palmer.com.au'),(153,'Prof','Luis','Harrison','0402071054','pfoster@yahoo.com.au'),(154,'Dr','Deanna','Joseph','0424820297','danielle32@howard.com'),(155,'Prof','Nancy','Black','0451267135','tatejennifer@brown.com'),(156,'Mr','Laura','Taylor','0477059747','michaelclark@ballard.net.au'),(157,'Mrs','Timothy','Mcintosh','0485280096','ryanneal@nguyen.org'),(158,'Dr','Emma','Macdonald','0467429338','leah76@hotmail.com.au'),(159,'Dr','Jeffery','Roberts','0404911978','kellyharvey@hotmail.com'),(160,'Dr','Robyn','Edwards','0417874566','ejohnson@ramsey.edu'),(161,'Ms','Allen','Gonzalez','0410936253','rasmussendavid@yahoo.com.au'),(162,'Ms','Mark','Rodriguez','0498542794','karina80@yahoo.com.au'),(163,'Ms','Jeanette','Mccoy','0442508301','scottleonard@yahoo.com'),(164,'Mr','Rebecca','Campbell','0414388789','justinwhite@hotmail.com.au'),(165,'Mr','Joel','Rivera','0472632100','umiller@lewis-butler.info'),(166,'Mr','Jessica','Martin','0451757551','krivas@yahoo.com.au'),(167,'Ms','Angela','Maldonado','0492986066','brian34@soto.net'),(168,'Prof','Bradley','Smith','0429653861','vhouston@yahoo.com.au'),(169,'Prof','Robert','Johnson','0400514407','jameslane@cook.info'),(170,'Mr','Laura','Washington','0474165627','olsonteresa@reid.edu'),(171,'Ms','Angela','Terrell','0470423255','christopherlevine@yahoo.com.au'),(172,'Ms','Curtis','Powers','0434122732','christopherjacobs@allen.org'),(173,'Prof','Sarah','Mcpherson','0425475818','xgarcia@lamb-ryan.com.au'),(174,'Ms','Michael','Gardner','0463474258','jefferywilliamson@jackson.edu.au'),(175,'Mrs','Joseph','Lopez','0447117603','cassandra59@moore.info'),(176,'Ms','Logan','Johnson','0438285930','williamsgrant@hotmail.com'),(177,'Mr','Michael','Simon','0422456973','krich@gmail.com'),(178,'Ms','Michelle','Vaughan','0493443784','tlee@hotmail.com'),(179,'Prof','Martin','Garrett','0492170428','wbailey@yahoo.com'),(180,'Ms','Laura','Hall','0473378974','josephrose@hotmail.com'),(181,'Ms','Teresa','Knight','0482690162','belldavid@yahoo.com.au'),(182,'Mrs','Miranda','Davis','0408959075','eric67@yahoo.com.au'),(183,'Mr','Hailey','Nicholson','0472845918','ashleyaustin@gmail.com'),(184,'Ms','Heather','Smith','0482245213','hwilliams@kaiser-hill.com'),(185,'Mrs','Daniel','Craig','0471713520','pdennis@luna.org'),(186,'Dr','Jade','Park','0488239512','dmathews@perez-mcfarland.info'),(187,'Ms','Gregory','Richard','0405745876','anna73@klein.edu'),(188,'Prof','Brittany','Johnston','0431404247','lorilewis@yahoo.com'),(189,'Mr','Alexander','Raymond','0498631288','jill03@alexander.edu.au'),(190,'Mr','Lauren','Johnson','0402416656','wturner@hotmail.com'),(191,'Prof','Anthony','Murray','0454454776','smithtammy@hart.edu'),(192,'Mr','Timothy','Rodriguez','0453443258','davisjeffery@yahoo.com.au'),(193,'Dr','Erin','Freeman','0486734482','thomas60@foster.com.au'),(194,'Mr','Stephanie','Brown','0473500824','miranda68@hawkins-mccormick.org'),(195,'Dr','Christopher','Haley','0477566060','ystanley@yahoo.com.au'),(196,'Mrs','Maurice','Lambert','0427822923','ggonzalez@barnett.edu'),(197,'Prof','Ryan','Strickland','0425003595','agraham@cain-duncan.com'),(198,'Prof','Mark','Olson','0408648530','osborntyler@leon.edu.au'),(199,'Mr','Daniel','Heath','0443315243','jacob91@hotmail.com'),(200,'Mrs','Sherry','Schmidt','0474705412','knoxkatie@hotmail.com.au');
/*!40000 ALTER TABLE `customer` ENABLE KEYS */;
UNLOCK TABLES;

--
-- Table structure for table `documentaries`
--

DROP TABLE IF EXISTS `documentaries`;
/*!40101 SET @saved_cs_client     = @@character_set_client */;
/*!40101 SET character_set_client = utf8 */;
CREATE TABLE `documentaries` (
  `DocumentaryID` int(11) NOT NULL,
  `Title` varchar(100) DEFAULT NULL,
  `Subject` varchar(50) DEFAULT NULL,
  `CountryID` int(11) DEFAULT NULL,
  PRIMARY KEY (`DocumentaryID`),
  KEY `CountryID` (`CountryID`),
  CONSTRAINT `documentaries_ibfk_1` FOREIGN KEY (`CountryID`) REFERENCES `country` (`CountryID`)
) ENGINE=InnoDB DEFAULT CHARSET=latin1;
/*!40101 SET character_set_client = @saved_cs_client */;

--
-- Dumping data for table `documentaries`
--

LOCK TABLES `documentaries` WRITE;
/*!40000 ALTER TABLE `documentaries` DISABLE KEYS */;
INSERT INTO `documentaries` VALUES (1,'Soluta neque alias voluptas','provident',15),(2,'Nesciunt debitis illum','inventore',141),(3,'Iste magni quaerat ipsum eligendi','ullam',156),(4,'Eveniet debitis voluptatem ad','quo',110),(5,'Ducimus laboriosam quas','aperiam',42),(6,'Aliquid porro fugit aspernatur odit','accusantium',98),(7,'Corrupti nemo ut tempora','maxime',17),(8,'Maxime ratione ratione quasi','iste',66),(9,'Nostrum sapiente','blanditiis',3),(10,'Temporibus eaque','tempora',28),(11,'Eius molestiae error eveniet voluptas','temporibus',53),(12,'Aliquid non consequuntur ratione','quisquam',174),(13,'At minima fugiat','voluptatibus',34),(14,'Necessitatibus a fugit nostrum eos','eum',112),(15,'Doloremque debitis','doloremque',131),(16,'Repudiandae aperiam magnam','consequuntur',117),(17,'Ab natus optio non harum','dolorem',148),(18,'Odio consequuntur','facilis',4),(19,'Occaecati doloribus','dolor',148),(20,'Possimus ipsam perspiciatis','rerum',160),(21,'Eveniet maiores maiores quia','fuga',153),(22,'Accusantium sapiente veritatis facere nemo','nisi',158),(23,'Cum earum','accusantium',178),(24,'Quisquam animi quam quo quos','odio',87),(25,'Ad corrupti maiores quidem','molestiae',178),(26,'Consectetur voluptas eveniet','accusantium',169),(27,'Possimus sunt accusamus','eligendi',38),(28,'Eligendi sapiente neque','nostrum',105),(29,'Nemo fugiat at repellendus','labore',173),(30,'Nostrum repellendus','nobis',17),(31,'Quasi fuga quisquam','voluptatibus',43),(32,'Placeat dolores','odio',195),(33,'Rerum ipsam dignissimos atque rem','reprehenderit',2),(34,'Pariatur reiciendis','nobis',175),(35,'Doloribus molestiae sint nesciunt','earum',153),(36,'Expedita animi voluptatibus tempora culpa','dolorem',35),(37,'Molestiae dolore','quis',70),(38,'Assumenda porro','deleniti',3),(39,'Recusandae reiciendis cupiditate','harum',132),(40,'Dolorem suscipit sequi velit','cumque',129),(41,'Velit sit','deserunt',5),(42,'Pariatur doloremque ipsum','tempore',90),(43,'Iste blanditiis vel voluptatum','quis',152),(44,'Ut tenetur','dolor',63),(45,'Minima numquam quae in','assumenda',120),(46,'Quae pariatur itaque','necessitatibus',193),(47,'Eaque odit ipsam','doloribus',69),(48,'Dolorem placeat quaerat','nemo',163),(49,'Facere sunt esse est','magnam',195),(50,'Labore debitis aspernatur','dolor',114),(51,'Quam exercitationem accusantium','est',160),(52,'Temporibus consequatur at','facilis',97),(53,'Laboriosam veritatis placeat','corrupti',135),(54,'Sapiente eveniet','delectus',119),(55,'Est optio','dolorem',26),(56,'Nam reprehenderit','pariatur',162),(57,'Delectus facilis eos officia','veritatis',74),(58,'Culpa nulla animi alias','soluta',35),(59,'Aliquam ipsam alias illo','veritatis',149),(60,'Dolor aut sit','saepe',200),(61,'Repellat ad','veniam',83),(62,'Aperiam corrupti modi mollitia exercitationem','quas',125),(63,'Necessitatibus ullam ipsa ipsa','accusantium',195),(64,'Eum laborum','odio',175),(65,'Iusto velit eos impedit','eaque',120),(66,'Possimus dolores quasi reprehenderit','nisi',45),(67,'Maxime iste eum inventore','nam',1),(68,'Accusamus fugiat expedita omnis aliquid','placeat',188),(69,'Quasi ex rem','aut',169),(70,'Non quis dolorem ipsam labore','illum',190),(71,'Rerum cupiditate facere delectus incidunt','dolorum',45),(72,'Saepe consequuntur omnis','minus',106),(73,'Ullam odit','voluptatum',18),(74,'Sed doloribus vitae magnam optio','delectus',53),(75,'Repudiandae voluptatem sapiente maiores','quos',146),(76,'Ea sunt minima','ab',88),(77,'Nobis libero ipsa','quis',8),(78,'Delectus modi dolores eligendi','aliquid',161),(79,'Qui ipsa quasi excepturi','ipsam',35),(80,'Mollitia corrupti','saepe',17),(81,'Laboriosam dolorem aspernatur neque','fugit',128),(82,'Deserunt quisquam placeat','tempore',149),(83,'Dolor nam unde','quasi',103),(84,'Ipsam quidem architecto explicabo officia','eligendi',174),(85,'Dolorum repellat voluptatibus','sint',65),(86,'Officiis sunt quod','error',130),(87,'Deleniti expedita quisquam veniam','at',23),(88,'Similique iusto labore ratione','eligendi',149),(89,'Atque facere quisquam molestiae','repellat',175),(90,'Eaque mollitia doloribus itaque','natus',48),(91,'Similique inventore porro consectetur','rem',191),(92,'Neque nesciunt magnam','distinctio',30),(93,'Neque tempore repellendus blanditiis','aut',91),(94,'Ea dignissimos debitis','dicta',151),(95,'Doloremque repellendus tenetur','at',165),(96,'Laboriosam illum','saepe',28),(97,'Eveniet deleniti','quidem',88),(98,'Reprehenderit dicta','reiciendis',137),(99,'Repellat quibusdam','enim',36),(100,'Pariatur non voluptate fuga','id',183),(101,'Reprehenderit commodi sit voluptatibus','suscipit',43),(102,'Eum sit sunt','mollitia',194),(103,'Ea sequi voluptas','esse',119),(104,'Mollitia debitis','totam',101),(105,'Unde dolor delectus enim','eos',43),(106,'Nulla aspernatur amet','ipsam',102),(107,'Est ullam','voluptatem',190),(108,'Dolor cum molestias eligendi reprehenderit','sint',142),(109,'Cupiditate aspernatur ut veritatis quod','nesciunt',114),(110,'Enim at','repellendus',25),(111,'Excepturi reiciendis','quaerat',190),(112,'Eveniet similique','dolores',41),(113,'Ipsa asperiores laboriosam tempora','soluta',97),(114,'Architecto porro consequatur','amet',27),(115,'Quia voluptas debitis','totam',60),(116,'Numquam asperiores ab','quod',8),(117,'Sint perferendis repellendus quis dicta','repudiandae',90),(118,'Beatae cupiditate deleniti','dolorem',22),(119,'Esse esse eaque deleniti','optio',146),(120,'Corrupti totam sapiente harum nobis','praesentium',181),(121,'Mollitia nesciunt alias assumenda','dolorum',93),(122,'Nemo velit animi','ex',104),(123,'Commodi ea','repellat',144),(124,'Mollitia odio nemo','quod',78),(125,'Libero omnis explicabo voluptatibus','in',120),(126,'Doloribus deleniti omnis','alias',164),(127,'Odio sit numquam assumenda','tenetur',117),(128,'Eum eaque','quod',67),(129,'Nulla iure','aperiam',186),(130,'Minima dolorum perspiciatis','dolor',77),(131,'Qui vel','odit',141),(132,'Iusto neque doloribus repellat','necessitatibus',144),(133,'Debitis quaerat cupiditate quasi vero','quia',134),(134,'Expedita earum ut modi','rerum',190),(135,'Animi numquam dolorem','sapiente',113),(136,'Voluptates magni veniam aperiam','dolorum',137),(137,'Veniam quisquam accusantium','vitae',63),(138,'Rerum asperiores esse','consectetur',114),(139,'Alias mollitia perferendis iure','labore',28),(140,'Possimus id','eveniet',56),(141,'Id possimus','id',96),(142,'Commodi consequuntur assumenda','optio',31),(143,'Qui accusamus unde voluptates dolores','sunt',187),(144,'Quis aliquam','qui',19),(145,'Numquam aut occaecati fugiat','pariatur',95),(146,'Optio suscipit recusandae','vel',11),(147,'Expedita saepe praesentium placeat eaque','magnam',112),(148,'Dignissimos in modi','provident',107),(149,'Corporis maxime delectus quaerat consequatur','quia',161),(150,'Reprehenderit voluptates consequuntur','minus',115),(151,'Voluptate nobis recusandae neque','saepe',96),(152,'Ipsum quas','iste',122),(153,'Repudiandae placeat reiciendis','blanditiis',179),(154,'Laborum atque rem','veritatis',27),(155,'Nesciunt officia','iusto',147),(156,'Vero dignissimos vel optio','enim',132),(157,'Deleniti veritatis repellat cupiditate adipisci','in',102),(158,'Accusamus voluptatem at recusandae','iure',23),(159,'Harum voluptates dicta maxime','nesciunt',166),(160,'Minus quidem','perferendis',197),(161,'Distinctio illo','nam',86),(162,'Magnam repudiandae','impedit',57),(163,'Recusandae magnam maxime temporibus','ducimus',61),(164,'Rerum unde harum debitis','sapiente',11),(165,'Doloribus quasi','blanditiis',156),(166,'Tempora sed corporis porro eligendi','quas',32),(167,'Consequuntur reiciendis sunt fugit','doloremque',164),(168,'Asperiores molestiae ad explicabo','doloremque',82),(169,'Voluptatibus facilis iste tempora','in',179),(170,'Officiis excepturi aut numquam','ut',77),(171,'Iure expedita in voluptate','excepturi',66),(172,'Voluptatem atque corrupti','aliquid',62),(173,'Quaerat autem atque et','ducimus',26),(174,'Impedit distinctio minus dolor','vero',17),(175,'Soluta repellat nisi','quas',170),(176,'Suscipit dolores','aut',80),(177,'Error alias quaerat tempore','temporibus',67),(178,'Amet est autem illum','eos',157),(179,'Nobis blanditiis','quod',173),(180,'Illo vero provident suscipit','quisquam',173),(181,'Exercitationem magnam minus molestiae fuga','consectetur',133),(182,'Rem doloribus cupiditate necessitatibus','eveniet',54),(183,'Officia perferendis quo aliquid','quia',116),(184,'Ipsum quaerat nemo','quod',62),(185,'Rerum odio dolores nulla','consectetur',81),(186,'Debitis numquam tempore excepturi occaecati','similique',20),(187,'Illo quibusdam asperiores earum','quibusdam',154),(188,'Quasi a possimus labore','vero',120),(189,'Cum recusandae praesentium ipsum esse','enim',56),(190,'Quia dolorum','ab',10),(191,'Quibusdam magnam qui placeat','rem',69),(192,'Officiis labore culpa nesciunt','ipsa',25),(193,'Dolores dolor cupiditate sint eius','ullam',168),(194,'Hic blanditiis','totam',87),(195,'Vero recusandae','repudiandae',120),(196,'Ipsam sed ad','dolor',18),(197,'Nesciunt harum','soluta',136),(198,'Deserunt eaque voluptas quia','officia',131),(199,'Quaerat nihil repellat sed','corrupti',67),(200,'Quisquam doloremque fuga voluptatem','hic',35);
/*!40000 ALTER TABLE `documentaries` ENABLE KEYS */;
UNLOCK TABLES;

--
-- Table structure for table `employees`
--

DROP TABLE IF EXISTS `employees`;
/*!40101 SET @saved_cs_client     = @@character_set_client */;
/*!40101 SET character_set_client = utf8 */;
CREATE TABLE `employees` (
  `EmployeeID` int(11) NOT NULL,
  `Title` varchar(10) DEFAULT NULL,
  `Name` varchar(100) DEFAULT NULL,
  `Position` varchar(100) DEFAULT NULL,
  `Phone` char(10) DEFAULT NULL,
  `HireDate` date DEFAULT NULL,
  `Password` varchar(10) DEFAULT 'abc@123',
  PRIMARY KEY (`EmployeeID`)
) ENGINE=InnoDB DEFAULT CHARSET=latin1;
/*!40101 SET character_set_client = @saved_cs_client */;

--
-- Dumping data for table `employees`
--

LOCK TABLES `employees` WRITE;
/*!40000 ALTER TABLE `employees` DISABLE KEYS */;
INSERT INTO `employees` VALUES (1,'Mr','Erin Trujillo MD','Communications engineer','0449465772','2020-02-29','abc@123'),(2,'Ms','Angela Middleton','Hospital pharmacist','0460779224','1999-02-05','abc@123'),(3,'Mrs','Donald Hunter','Media planner','0468682464','2010-10-09','abc@123'),(4,'Mrs','Wendy Schneider','Osteopath','0489570515','2004-01-16','abc@123'),(5,'Prof','Sarah Robinson','Communications engineer','0420326101','1976-04-24','abc@123'),(6,'Ms','Dr. Gwendolyn Mitchell','IT sales professional','0482844375','1985-07-14','abc@123'),(7,'Prof','Chris Thompson','Investment banker, corporate','0499371193','1982-02-23','abc@123'),(8,'Mr','Arthur Dunn','Marketing executive','0474419493','2007-10-10','abc@123'),(9,'Mrs','Michael Huff','Company secretary','0417675657','2015-06-29','abc@123'),(10,'Mr','Geoffrey Decker','Engineer, technical sales','0404195761','2015-02-20','abc@123'),(11,'Prof','Teresa Ramirez','Recruitment consultant','0419820753','2016-10-30','abc@123'),(12,'Ms','Reginald Robertson','Mining engineer','0461536498','1973-06-19','abc@123'),(13,'Mrs','Mr. Jacob Adkins','Medical sales representative','0487056793','2018-03-18','abc@123'),(14,'Mr','Melissa Ford','Media buyer','0486703550','2013-08-12','abc@123'),(15,'Prof','Janice Scott','Radio producer','0477614663','1975-09-30','abc@123'),(16,'Mr','Robert Brown','Financial manager','0486684586','1984-12-24','abc@123'),(17,'Dr','Betty Bryant','Amenity horticulturist','0450872585','1989-05-22','abc@123'),(18,'Ms','Kirsten Wallace','Chemist, analytical','0454317677','2016-12-12','abc@123'),(19,'Mrs','Angela Nelson','Barrister','0462066939','2023-09-10','abc@123'),(20,'Mrs','Karen Perez','Public relations account executive','0443252401','1993-10-22','abc@123'),(21,'Mr','Natalie Perez','Veterinary surgeon','0468638568','1974-05-23','abc@123'),(22,'Mr','Mckenzie Williams','Fish farm manager','0451646354','2020-02-08','abc@123'),(23,'Mr','Steven Singh','Consulting civil engineer','0475937017','2007-02-22','abc@123'),(24,'Ms','Raymond Myers','Insurance underwriter','0442321701','1998-06-21','abc@123'),(25,'Dr','Hayden Hill','Radio producer','0477423112','1992-12-19','abc@123'),(26,'Dr','David Blevins','Education officer, museum','0411282689','2012-03-17','abc@123'),(27,'Mr','Tony Young','Surveyor, rural practice','0491083952','2022-07-04','abc@123'),(28,'Dr','Angela Potter','Mechanical engineer','0416132848','1987-07-16','abc@123'),(29,'Mrs','Adam Fisher','Runner, broadcasting/film/video','0419776270','1994-01-25','abc@123'),(30,'Dr','Dwayne Guzman','Nature conservation officer','0448633529','1974-08-05','abc@123'),(31,'Mr','Jacob Lopez','Armed forces technical officer','0406759298','1989-09-14','abc@123'),(32,'Mrs','Joshua Jones','Chartered management accountant','0423964366','1977-09-09','abc@123'),(33,'Ms','Brenda Estrada','Education officer, museum','0448652833','1997-06-01','abc@123'),(34,'Mr','Angelica Snyder','Journalist, newspaper','0443998578','2006-09-13','abc@123'),(35,'Mr','Matthew Kent','Microbiologist','0446654605','2016-05-21','abc@123'),(36,'Ms','Emily Smith','Archaeologist','0419935587','1985-08-21','abc@123'),(37,'Mr','Holly Hayes','Scientist, biomedical','0431904106','1990-10-06','abc@123'),(38,'Ms','Ann Deleon','Building control surveyor','0469824641','2017-01-06','abc@123'),(39,'Mrs','Cathy Sullivan','Trade union research officer','0498643963','1983-03-04','abc@123'),(40,'Mr','Thomas Costa','Paediatric nurse','0435792128','1983-10-22','abc@123'),(41,'Mrs','Scott Mccormick','Primary school teacher','0469225734','2012-10-02','abc@123'),(42,'Prof','Michael Downs','Jewellery designer','0455740081','2011-12-02','abc@123'),(43,'Prof','Justin Maldonado','Airline pilot','0499914382','1995-09-23','abc@123'),(44,'Mrs','Zachary Perez','English as a foreign language teacher','0433937840','1981-11-02','abc@123'),(45,'Prof','Derek Higgins','Soil scientist','0414814376','1973-08-06','abc@123'),(46,'Mr','Crystal Parker','Exercise physiologist','0494221056','2022-01-29','abc@123'),(47,'Prof','Jeanette Duncan','Multimedia specialist','0477870305','2002-10-17','abc@123'),(48,'Mr','Mariah Lawrence','Scientist, research (medical)','0403539861','1991-10-24','abc@123'),(49,'Mr','Jessica Cummings','Chartered legal executive (England and Wales)','0422666090','1992-07-11','abc@123'),(50,'Mrs','Richard Kennedy','Psychologist, clinical','0405532408','1994-02-09','abc@123'),(51,'Mrs','Claire Sherman','Chartered legal executive (England and Wales)','0471061463','1984-02-10','abc@123'),(52,'Ms','Jennifer Harris','Engineer, manufacturing systems','0430207126','2022-02-06','abc@123'),(53,'Dr','Richard Wang','Secretary, company','0458158721','1993-04-27','abc@123'),(54,'Prof','Pamela Collins','Medical laboratory scientific officer','0454549309','1987-02-16','abc@123'),(55,'Prof','Marilyn Randall','Academic librarian','0448236917','2023-01-16','abc@123'),(56,'Prof','Kayla Mejia','Toxicologist','0479187286','2017-04-27','abc@123'),(57,'Mr','John Wilson','Product manager','0413321718','2014-09-12','abc@123'),(58,'Mr','Renee Le','Therapeutic radiographer','0489241641','2003-05-20','abc@123'),(59,'Mr','Thomas Hamilton','Engineer, building services','0454228327','2008-07-09','abc@123'),(60,'Mr','Victoria Colon','Software engineer','0467884204','1973-08-11','abc@123'),(61,'Mrs','Mark Murphy','Glass blower/designer','0494240521','2003-12-25','abc@123'),(62,'Ms','Angela Quinn','Engineer, broadcasting (operations)','0434223286','1989-10-20','abc@123'),(63,'Prof','James Rodriguez','Investment analyst','0409253299','2002-05-15','abc@123'),(64,'Prof','Christine Morrow','Structural engineer','0414590879','2005-07-01','abc@123'),(65,'Mrs','Amanda Stewart','Garment/textile technologist','0421911205','1991-09-19','abc@123'),(66,'Ms','Evan Thompson','Therapist, nutritional','0487916693','1983-08-16','abc@123'),(67,'Mrs','Kenneth King','Engineer, chemical','0494425419','1984-06-04','abc@123'),(68,'Prof','Gabriella Nguyen','Investment banker, operational','0402085749','1972-09-26','abc@123'),(69,'Prof','Christopher Daniels','Clinical molecular geneticist','0471451291','1973-07-28','abc@123'),(70,'Prof','Lynn Smith','Cartographer','0427612253','1997-11-12','abc@123'),(71,'Mr','Carla Clark','Librarian, academic','0443669755','1989-07-02','abc@123'),(72,'Mr','Ronald Williams','Therapist, sports','0406671430','2019-11-09','abc@123'),(73,'Ms','Mr. Nicholas Wilson','Secretary/administrator','0401526083','1991-04-17','abc@123'),(74,'Mr','Thomas Graham','Accommodation manager','0401124447','1995-02-08','abc@123'),(75,'Mrs','Jason Dunn','Operations geologist','0494154476','2021-02-24','abc@123'),(76,'Prof','Misty Eaton','Sound technician, broadcasting/film/video','0433607380','1986-07-20','abc@123'),(77,'Ms','Caroline Sellers','Scientist, research (physical sciences)','0411525036','1984-03-22','abc@123'),(78,'Dr','Vickie Sullivan','Seismic interpreter','0444151852','2009-01-05','abc@123'),(79,'Dr','Paul Davis','Insurance underwriter','0455398063','1992-09-01','abc@123'),(80,'Mr','Heather Castro','Physiological scientist','0476412308','2017-12-17','abc@123'),(81,'Mrs','Keith Lloyd','Public affairs consultant','0421810112','1992-10-24','abc@123'),(82,'Mrs','Kenneth Krueger','Teaching laboratory technician','0487302703','2007-09-24','abc@123'),(83,'Dr','Laura Johnson','Ecologist','0453555797','2014-09-09','abc@123'),(84,'Mr','Anne Medina','Veterinary surgeon','0449504882','2010-04-10','abc@123'),(85,'Mr','John Page','Arts administrator','0424761442','1999-01-15','abc@123'),(86,'Ms','Melanie Taylor','Dramatherapist','0444192431','1997-07-28','abc@123'),(87,'Mrs','Amber Vincent','Psychologist, counselling','0423964845','2021-11-25','abc@123'),(88,'Ms','Alfred Walker','Production engineer','0481764622','2006-03-22','abc@123'),(89,'Mrs','Daniel Castro','Research scientist (maths)','0458623855','2019-11-22','abc@123'),(90,'Mrs','Ronald Gardner','Herbalist','0416963762','1990-08-16','abc@123'),(91,'Mrs','Michael Washington','Telecommunications researcher','0496835034','2007-07-11','abc@123'),(92,'Ms','Tonya Parsons','Conservator, furniture','0492713247','1978-10-21','abc@123'),(93,'Dr','Deborah Sims','Recycling officer','0450628380','2016-01-15','abc@123'),(94,'Mr','Mary Pittman','Research scientist (life sciences)','0471447468','2001-04-28','abc@123'),(95,'Mr','Natasha Jackson','Illustrator','0476629768','1998-03-11','abc@123'),(96,'Mr','Brent Henry','Equities trader','0456866480','1974-01-03','abc@123'),(97,'Mr','Susan Mckenzie','Race relations officer','0435530064','1992-10-21','abc@123'),(98,'Ms','Dr. Ryan Morrow','Volunteer coordinator','0494786215','2011-06-10','abc@123'),(99,'Mrs','Juan Walker','Accountant, chartered public finance','0469777631','2018-03-24','abc@123'),(100,'Mrs','Sherry Burke','Environmental education officer','0480425070','2006-09-16','abc@123'),(101,'Dr','Karen Fischer','Music therapist','0404873511','2008-09-24','abc@123'),(102,'Ms','Michael Barnes','Engineer, production','0440509510','2012-03-15','abc@123'),(103,'Dr','Tonya Stone','Scientist, forensic','0404777904','1977-10-06','abc@123'),(104,'Mr','Christopher Carter','Paramedic','0433025151','1974-02-16','abc@123'),(105,'Prof','Debbie Jones','Mechanical engineer','0409422156','1999-05-08','abc@123'),(106,'Ms','Jennifer Spencer','Designer, television/film set','0430417295','2009-08-15','abc@123'),(107,'Mr','Misty Dominguez','Location manager','0448244794','2000-02-23','abc@123'),(108,'Mrs','Erica Medina','Energy manager','0461263697','2018-11-30','abc@123'),(109,'Dr','Jennifer Mullins','Advertising copywriter','0400356877','1992-03-28','abc@123'),(110,'Mrs','Misty Warren','Editor, commissioning','0439705394','1999-04-11','abc@123'),(111,'Mrs','Michael Williams','Ecologist','0499932447','2010-06-28','abc@123'),(112,'Mrs','James Carter','Sports coach','0473683316','2004-09-15','abc@123'),(113,'Prof','Jennifer Nguyen','Education administrator','0494633012','1972-09-07','abc@123'),(114,'Ms','Eileen Harding','Professor Emeritus','0401579347','2013-03-25','abc@123'),(115,'Mrs','Luis Acevedo','Company secretary','0473674321','2009-04-14','abc@123'),(116,'Ms','Taylor Silva','Water quality scientist','0408555121','2018-05-10','abc@123'),(117,'Prof','Micheal Hicks','Armed forces logistics/support/administrative officer','0458461247','1986-01-13','abc@123'),(118,'Ms','Shane Salinas','Surveyor, quantity','0483030985','2004-08-24','abc@123'),(119,'Dr','Stephen Bailey','Art therapist','0474676008','2022-12-05','abc@123'),(120,'Ms','Paula Castaneda','Office manager','0492685950','1978-07-16','abc@123'),(121,'Mrs','Yvonne Walker','Corporate investment banker','0402194726','1992-05-14','abc@123'),(122,'Dr','Deborah Todd','Patent attorney','0406102843','1988-04-16','abc@123'),(123,'Prof','Chloe Hall','Architectural technologist','0445630842','1977-04-14','abc@123'),(124,'Dr','Heather Carroll','Counsellor','0482209878','2016-11-22','abc@123'),(125,'Prof','Mitchell Edwards','Catering manager','0451452026','1998-10-13','abc@123'),(126,'Mr','Olivia Rivera','Chartered public finance accountant','0459415089','2012-01-29','abc@123'),(127,'Dr','Melissa Gomez','Tourism officer','0479876820','1984-08-12','abc@123'),(128,'Dr','Amber Walker','Higher education lecturer','0434116002','2011-09-07','abc@123'),(129,'Mrs','Tamara Patterson','Health visitor','0443105555','2007-06-21','abc@123'),(130,'Mr','Dr. Jason Brown','Scientist, research (physical sciences)','0472909168','1988-08-16','abc@123'),(131,'Mrs','Heather Miller','Technical sales engineer','0456865615','1999-02-20','abc@123'),(132,'Prof','Casey Martinez','Product manager','0445947351','2016-09-09','abc@123'),(133,'Mr','Shelby Hamilton','Systems analyst','0445023916','1997-06-25','abc@123'),(134,'Prof','Jacqueline Hernandez','International aid/development worker','0495163141','2005-12-05','abc@123'),(135,'Mrs','Jenna Bennett','Health service manager','0439043153','1987-02-15','abc@123'),(136,'Ms','Warren Campbell','Hospital pharmacist','0423795278','2003-03-16','abc@123'),(137,'Mrs','Kim Huynh','Designer, multimedia','0404653845','1992-06-07','abc@123'),(138,'Mrs','Nicole Jackson','Corporate treasurer','0412155851','1974-10-18','abc@123'),(139,'Prof','Seth Meyers','Special effects artist','0439360910','1986-04-02','abc@123'),(140,'Mr','Nicole Cooper','Tax inspector','0495615015','2017-12-15','abc@123'),(141,'Dr','James Brown','Scientist, water quality','0496575121','1976-04-13','abc@123'),(142,'Ms','Meagan Fowler','Corporate investment banker','0492007922','1982-10-25','abc@123'),(143,'Dr','Gwendolyn Le','Engineer, production','0460738466','2000-06-30','abc@123'),(144,'Prof','Matthew Rivera','Charity officer','0451080383','1990-03-19','abc@123'),(145,'Ms','Eric Little','Fisheries officer','0492955075','1994-01-08','abc@123'),(146,'Prof','Emily Taylor','Solicitor, Scotland','0412806987','2004-09-07','abc@123'),(147,'Dr','Calvin Ruiz','Engineer, site','0499377762','1992-07-01','abc@123'),(148,'Ms','Janice Peterson','Restaurant manager','0482565759','2006-03-05','abc@123'),(149,'Ms','Duane Osborn','Music therapist','0474136087','1985-09-26','abc@123'),(150,'Mr','Robert Mercer','Barista','0437080870','2003-03-15','abc@123'),(151,'Ms','Donald Hicks','Geneticist, molecular','0404237070','1996-05-18','abc@123'),(152,'Ms','Jacob Martinez','Music tutor','0446997190','1999-02-26','abc@123'),(153,'Mr','Tim Santos','Civil engineer, contracting','0458600278','1995-09-26','abc@123'),(154,'Mrs','Emily Flores','Dispensing optician','0492652112','2014-09-25','abc@123'),(155,'Dr','Clifford Smith','Environmental manager','0408734778','1991-12-19','abc@123'),(156,'Mrs','Diana Williams','Private music teacher','0447869539','2001-02-13','abc@123'),(157,'Mr','Cody Davis','Early years teacher','0484440829','2011-09-18','abc@123'),(158,'Dr','Shannon Wang DVM','Field trials officer','0458300263','1995-05-18','abc@123'),(159,'Mrs','Amber Mueller','Arts development officer','0446139260','2024-06-30','abc@123'),(160,'Mr','Donna Murphy','Editor, magazine features','0482582961','1971-07-15','abc@123'),(161,'Ms','Tonya Powers','Buyer, retail','0449304258','1980-06-02','abc@123'),(162,'Prof','Brian Ramos','Therapist, occupational','0473983802','1976-12-14','abc@123'),(163,'Prof','Dr. Jeffery Hendricks','Scientist, research (life sciences)','0431247181','1989-08-12','abc@123'),(164,'Prof','Kelly Smith','Sports coach','0412230384','2014-09-01','abc@123'),(165,'Mr','Jeffrey Fletcher','Engineer, mining','0492464223','2023-02-19','abc@123'),(166,'Prof','Cassandra Taylor','Surveyor, hydrographic','0498062047','2015-09-06','abc@123'),(167,'Ms','Ashley Wright','Broadcast presenter','0491644054','2009-11-11','abc@123'),(168,'Ms','Robert Wilson','Conservator, furniture','0493770293','2014-02-03','abc@123'),(169,'Mrs','Mrs. Deborah Williams','Set designer','0484929510','1989-12-12','abc@123'),(170,'Mrs','Cheyenne Cordova','Scientific laboratory technician','0468006908','1997-05-26','abc@123'),(171,'Dr','Kimberly Collins','Production engineer','0474901749','1970-10-22','abc@123'),(172,'Prof','Danielle Wilson','Banker','0495004795','1977-05-30','abc@123'),(173,'Mrs','David Booker','Statistician','0446172386','1993-12-16','abc@123'),(174,'Ms','Richard Wilson','Web designer','0455752914','2017-01-05','abc@123'),(175,'Prof','Sarah Harris','Engineer, civil (contracting)','0493556537','2003-11-08','abc@123'),(176,'Mrs','Angel Dyer','Marine scientist','0404166061','2020-09-10','abc@123'),(177,'Prof','Tammy Dillon','Occupational therapist','0476248365','2013-10-18','abc@123'),(178,'Mr','Christine Long','Freight forwarder','0417255734','1982-03-16','abc@123'),(179,'Prof','Crystal Wells','Animator','0461990442','1983-02-12','abc@123'),(180,'Dr','Juan Kelley','Tax adviser','0423094094','2004-01-31','abc@123'),(181,'Ms','Billy Warren','Community arts worker','0453110682','1978-05-04','abc@123'),(182,'Mr','Nicole Walters','Media buyer','0406638941','1980-10-11','abc@123'),(183,'Ms','Jennifer Villegas','Theme park manager','0430260142','2001-06-17','abc@123'),(184,'Mrs','Mrs. Shelby Clayton','Sales promotion account executive','0421263694','2001-04-08','abc@123'),(185,'Mr','Justin Castro','Professor Emeritus','0456996328','1992-11-12','abc@123'),(186,'Mrs','Kathleen Underwood','Medical technical officer','0418445950','1976-04-07','abc@123'),(187,'Prof','Laura Holden','Building control surveyor','0431641149','1980-09-22','abc@123'),(188,'Mrs','Maria Allen','Microbiologist','0423118205','1997-10-27','abc@123'),(189,'Dr','Jerry Rowe','Physicist, medical','0475692120','1999-03-03','abc@123'),(190,'Prof','Elaine Baker','Doctor, hospital','0421379586','1980-02-18','abc@123'),(191,'Mr','Richard Buckley','Mechanical engineer','0417464875','2013-06-23','abc@123'),(192,'Prof','Nathan Sutton','Special educational needs teacher','0469825385','1970-01-10','abc@123'),(193,'Ms','Christopher Alexander','Adult nurse','0431629281','2005-03-03','abc@123'),(194,'Prof','Rhonda Davis','Medical illustrator','0418617067','2013-08-21','abc@123'),(195,'Ms','Alyssa Stanton','Historic buildings inspector/conservation officer','0461577108','2017-01-15','abc@123'),(196,'Dr','Elizabeth Turner','Probation officer','0400073516','2010-10-20','abc@123'),(197,'Ms','Anthony Nelson','Gaffer','0424838121','2000-11-05','abc@123'),(198,'Mrs','Jasmine Moran','Race relations officer','0425489245','2023-12-10','abc@123'),(199,'Mr','Blake Colon','Equality and diversity officer','0492578730','2021-02-02','abc@123'),(200,'Ms','Mike Robinson','Insurance broker','0446154115','1974-05-30','abc@123');
/*!40000 ALTER TABLE `employees` ENABLE KEYS */;
UNLOCK TABLES;

--
-- Table structure for table `issuetran`
--

DROP TABLE IF EXISTS `issuetran`;
/*!40101 SET @saved_cs_client     = @@character_set_client */;
/*!40101 SET character_set_client = utf8 */;
CREATE TABLE `issuetran` (
  `IssueID` int(11) NOT NULL,
  `CustomerID` int(11) DEFAULT NULL,
  `MovieID` int(11) DEFAULT NULL,
  `IssueDate` date DEFAULT NULL,
  `ReturnDate` date DEFAULT NULL,
  `dueDate` date DEFAULT NULL,
  PRIMARY KEY (`IssueID`),
  KEY `CustomerID` (`CustomerID`),
  KEY `MovieID` (`MovieID`),
  CONSTRAINT `issuetran_ibfk_1` FOREIGN KEY (`CustomerID`) REFERENCES `customer` (`CustomerID`),
  CONSTRAINT `issuetran_ibfk_2` FOREIGN KEY (`MovieID`) REFERENCES `movies` (`MovieID`)
) ENGINE=InnoDB DEFAULT CHARSET=latin1;
/*!40101 SET character_set_client = @saved_cs_client */;

--
-- Dumping data for table `issuetran`
--

LOCK TABLES `issuetran` WRITE;
/*!40000 ALTER TABLE `issuetran` DISABLE KEYS */;
INSERT INTO `issuetran` VALUES (1,3,42,'2001-03-26',NULL,'2001-04-02'),(2,92,90,'2013-10-08',NULL,'2013-10-15'),(3,18,139,'2014-12-06',NULL,'2014-12-13'),(4,37,165,'1999-03-06',NULL,'1999-03-13'),(5,147,150,'1980-09-06',NULL,'1980-09-13'),(6,91,189,'1975-04-13',NULL,'1975-04-20'),(7,54,14,'2017-03-17',NULL,'2017-03-24'),(8,140,129,'1990-05-30',NULL,'1990-06-06'),(9,155,51,'2017-09-24',NULL,'2017-10-01'),(10,76,72,'1976-05-24',NULL,'1976-05-31'),(11,77,13,'2008-12-15',NULL,'2008-12-22'),(12,66,8,'1990-08-13',NULL,'1990-08-20'),(13,79,114,'2008-07-06',NULL,'2008-07-13'),(14,89,61,'1984-02-28',NULL,'1984-03-06'),(15,166,21,'1974-06-04',NULL,'1974-06-11'),(16,140,115,'1988-07-26',NULL,'1988-08-02'),(17,193,136,'2006-10-13',NULL,'2006-10-20'),(18,193,72,'1995-05-31',NULL,'1995-06-07'),(19,64,172,'2002-10-15',NULL,'2002-10-22'),(20,87,196,'1976-02-06',NULL,'1976-02-13'),(21,46,77,'2020-12-09',NULL,'2020-12-16'),(22,80,43,'2006-10-17',NULL,'2006-10-24'),(23,21,127,'2000-04-08',NULL,'2000-04-15'),(24,181,76,'1995-10-21',NULL,'1995-10-28'),(25,8,168,'2022-09-05',NULL,'2022-09-12'),(26,7,192,'2016-04-17',NULL,'2016-04-24'),(27,150,134,'2005-02-19',NULL,'2005-02-26'),(28,26,191,'2018-06-27',NULL,'2018-07-04'),(29,52,43,'1977-08-22',NULL,'1977-08-29'),(30,119,130,'2015-01-22',NULL,'2015-01-29'),(31,2,41,'2023-12-29',NULL,'2024-01-05'),(32,30,44,'1996-10-10',NULL,'1996-10-17'),(33,80,2,'1992-04-18',NULL,'1992-04-25'),(34,151,37,'2004-07-28',NULL,'2004-08-04'),(35,29,117,'1978-02-15',NULL,'1978-02-22'),(36,141,47,'2011-01-30',NULL,'2011-02-06'),(37,37,60,'2009-10-02',NULL,'2009-10-09'),(38,57,47,'1987-01-24',NULL,'1987-01-31'),(39,100,51,'2022-09-27',NULL,'2022-10-04'),(40,102,146,'1972-03-28',NULL,'1972-04-04'),(41,14,105,'1970-06-14',NULL,'1970-06-21'),(42,114,14,'1985-02-10',NULL,'1985-02-17'),(43,151,8,'2008-10-08',NULL,'2008-10-15'),(44,9,34,'2023-05-02',NULL,'2023-05-09'),(45,122,192,'1985-12-02',NULL,'1985-12-09'),(46,122,131,'2019-08-02',NULL,'2019-08-09'),(47,70,76,'1979-09-18',NULL,'1979-09-25'),(48,148,4,'2023-09-22',NULL,'2023-09-29'),(49,2,195,'2006-10-26',NULL,'2006-11-02'),(50,118,178,'1994-10-24',NULL,'1994-10-31'),(51,18,121,'1982-09-25',NULL,'1982-10-02'),(52,78,2,'2004-12-16',NULL,'2004-12-23'),(53,191,62,'1979-01-06',NULL,'1979-01-13'),(54,128,111,'2003-11-19',NULL,'2003-11-26'),(55,194,61,'1997-12-25',NULL,'1998-01-01'),(56,55,131,'1998-10-12',NULL,'1998-10-19'),(57,59,138,'1972-07-24',NULL,'1972-07-31'),(58,145,155,'2017-03-07',NULL,'2017-03-14'),(59,67,168,'2024-07-27',NULL,'2024-08-03'),(60,63,82,'2014-09-20',NULL,'2014-09-27'),(61,97,68,'1984-04-26',NULL,'1984-05-03'),(62,42,52,'1992-01-25',NULL,'1992-02-01'),(63,198,111,'2008-07-01',NULL,'2008-07-08'),(64,176,143,'2021-05-09',NULL,'2021-05-16'),(65,36,123,'2015-08-31',NULL,'2015-09-07'),(66,48,43,'2002-08-29',NULL,'2002-09-05'),(67,166,77,'1981-10-02',NULL,'1981-10-09'),(68,17,197,'1998-09-11',NULL,'1998-09-18'),(69,167,67,'1998-09-24',NULL,'1998-10-01'),(70,184,24,'1977-12-10',NULL,'1977-12-17'),(71,33,127,'1992-11-23',NULL,'1992-11-30'),(72,111,181,'1977-07-21',NULL,'1977-07-28'),(73,92,96,'2020-09-14',NULL,'2020-09-21'),(74,134,47,'2000-07-23',NULL,'2000-07-30'),(75,178,100,'2014-08-11',NULL,'2014-08-18'),(76,151,27,'2020-10-25',NULL,'2020-11-01'),(77,88,136,'1998-12-24',NULL,'1998-12-31'),(78,99,36,'2013-04-21',NULL,'2013-04-28'),(79,198,111,'1986-02-18',NULL,'1986-02-25'),(80,105,184,'2005-10-05',NULL,'2005-10-12'),(81,79,64,'1976-10-12',NULL,'1976-10-19'),(82,70,129,'2008-04-15',NULL,'2008-04-22'),(83,144,113,'1997-12-28',NULL,'1998-01-04'),(84,85,194,'1970-05-25',NULL,'1970-06-01'),(85,200,149,'2012-04-30',NULL,'2012-05-07'),(86,163,189,'2018-08-05',NULL,'2018-08-12'),(87,103,121,'2011-11-17',NULL,'2011-11-24'),(88,180,78,'1970-01-23',NULL,'1970-01-30'),(89,38,179,'2009-06-03',NULL,'2009-06-10'),(90,127,77,'1999-06-25',NULL,'1999-07-02'),(91,70,4,'2000-11-23',NULL,'2000-11-30'),(92,169,70,'2017-04-22',NULL,'2017-04-29'),(93,78,79,'2005-11-20',NULL,'2005-11-27'),(94,78,15,'1984-01-02',NULL,'1984-01-09'),(95,163,32,'1978-12-01',NULL,'1978-12-08'),(96,151,33,'1993-11-09',NULL,'1993-11-16'),(97,55,1,'2015-03-01',NULL,'2015-03-08'),(98,197,177,'1996-03-05',NULL,'1996-03-12'),(99,68,58,'2022-06-15',NULL,'2022-06-22'),(100,40,24,'2013-02-01','2013-02-09','2013-02-08'),(101,197,57,'1986-01-01','1986-01-09','1986-01-08'),(102,27,28,'2022-10-12','2022-10-20','2022-10-19'),(103,121,186,'1999-12-28','2000-01-05','2000-01-04'),(104,121,21,'1983-04-01','1983-04-09','1983-04-08'),(105,4,162,'1986-04-21','1986-04-29','1986-04-28'),(106,104,140,'2006-04-23','2006-05-01','2006-04-30'),(107,112,175,'2006-04-10','2006-04-18','2006-04-17'),(108,69,114,'1975-10-13','1975-10-21','1975-10-20'),(109,52,117,'2004-01-23','2004-01-31','2004-01-30'),(110,19,71,'1984-09-18','1984-09-26','1984-09-25'),(111,190,193,'2008-11-28','2008-12-06','2008-12-05'),(112,175,62,'2017-11-11','2017-11-19','2017-11-18'),(113,117,181,'1997-11-29','1997-12-07','1997-12-06'),(114,164,45,'2013-05-30','2013-06-07','2013-06-06'),(115,114,118,'1988-10-31','1988-11-08','1988-11-07'),(116,111,17,'1989-10-14','1989-10-22','1989-10-21'),(117,59,57,'1988-07-13','1988-07-21','1988-07-20'),(118,77,162,'1998-03-17','1998-03-25','1998-03-24'),(119,167,52,'2021-05-23','2021-05-31','2021-05-30'),(120,198,119,'1979-08-02','1979-08-10','1979-08-09'),(121,102,117,'2020-08-14','2020-08-22','2020-08-21'),(122,178,111,'1978-03-23','1978-03-31','1978-03-30'),(123,33,61,'1994-02-08','1994-02-16','1994-02-15'),(124,169,76,'1981-05-11','1981-05-19','1981-05-18'),(125,155,177,'2018-03-27','2018-04-04','2018-04-03'),(126,141,120,'1992-09-11','1992-09-19','1992-09-18'),(127,189,189,'1995-05-28','1995-06-05','1995-06-04'),(128,127,71,'2019-10-10','2019-10-18','2019-10-17'),(129,155,147,'2020-03-18','2020-03-26','2020-03-25'),(130,12,135,'2007-01-31','2007-02-08','2007-02-07'),(131,42,133,'1973-07-19','1973-07-27','1973-07-26'),(132,79,47,'1970-09-08','1970-09-16','1970-09-15'),(133,177,49,'2019-07-04','2019-07-12','2019-07-11'),(134,141,75,'1992-11-02','1992-11-10','1992-11-09'),(135,117,131,'1981-08-18','1981-08-26','1981-08-25'),(136,75,5,'1986-03-12','1986-03-20','1986-03-19'),(137,200,23,'2012-06-20','2012-06-28','2012-06-27'),(138,183,132,'2006-08-09','2006-08-17','2006-08-16'),(139,150,169,'2011-10-27','2011-11-04','2011-11-03'),(140,193,51,'1978-10-26','1978-11-03','1978-11-02'),(141,76,117,'1992-03-25','1992-04-02','1992-04-01'),(142,183,159,'2018-03-14','2018-03-22','2018-03-21'),(143,186,36,'2007-04-26','2007-05-04','2007-05-03'),(144,18,139,'1974-12-23','1974-12-31','1974-12-30'),(145,120,198,'2013-02-27','2013-03-07','2013-03-06'),(146,24,58,'1987-05-24','1987-06-01','1987-05-31'),(147,69,188,'1988-12-19','1988-12-27','1988-12-26'),(148,185,189,'1999-02-19','1999-02-27','1999-02-26'),(149,90,63,'1984-04-25','1984-05-03','1984-05-02'),(150,164,200,'1972-10-06','1972-10-14','1972-10-13'),(151,143,149,'2012-07-09','2012-07-17','2012-07-16'),(152,45,105,'1970-11-25','1970-12-03','1970-12-02'),(153,74,30,'2021-12-21','2021-12-29','2021-12-28'),(154,46,140,'2016-05-08','2016-05-16','2016-05-15'),(155,116,9,'2020-04-17','2020-04-25','2020-04-24'),(156,5,41,'2003-02-12','2003-02-20','2003-02-19'),(157,30,34,'2000-12-28','2001-01-05','2001-01-04'),(158,185,85,'1997-08-01','1997-08-09','1997-08-08'),(159,77,189,'2015-07-24','2015-08-01','2015-07-31'),(160,146,151,'2013-10-30','2013-11-07','2013-11-06'),(161,70,150,'1994-08-01','1994-08-09','1994-08-08'),(162,134,164,'2012-09-14','2012-09-22','2012-09-21'),(163,56,59,'1975-08-31','1975-09-08','1975-09-07'),(164,65,131,'2018-04-02','2018-04-10','2018-04-09'),(165,3,158,'1986-09-28','1986-10-06','1986-10-05'),(166,22,107,'2023-09-25','2023-10-03','2023-10-02'),(167,172,191,'1997-10-09','1997-10-17','1997-10-16'),(168,65,130,'2001-08-08','2001-08-16','2001-08-15'),(169,115,14,'2008-01-03','2008-01-11','2008-01-10'),(170,78,110,'2019-11-19','2019-11-27','2019-11-26'),(171,83,7,'1970-12-30','1971-01-07','1971-01-06'),(172,14,71,'2020-01-12','2020-01-20','2020-01-19'),(173,35,104,'2009-01-31','2009-02-08','2009-02-07'),(174,161,153,'2016-02-08','2016-02-16','2016-02-15'),(175,193,10,'1993-05-16','1993-05-24','1993-05-23'),(176,133,44,'2004-04-14','2004-04-22','2004-04-21'),(177,155,80,'1990-05-28','1990-06-05','1990-06-04'),(178,147,3,'2013-04-01','2013-04-09','2013-04-08'),(179,196,178,'2024-10-18','2024-10-26','2024-10-25'),(180,92,75,'1980-11-05','1980-11-13','1980-11-12'),(181,72,52,'1978-07-27','1978-08-04','1978-08-03'),(182,60,47,'1978-08-11','1978-08-19','1978-08-18'),(183,180,134,'2003-09-21','2003-09-29','2003-09-28'),(184,147,193,'2002-12-09','2002-12-17','2002-12-16'),(185,85,86,'2006-09-17','2006-09-25','2006-09-24'),(186,129,106,'1998-03-16','1998-03-24','1998-03-23'),(187,9,18,'1970-09-24','1970-10-02','1970-10-01'),(188,184,126,'1972-11-11','1972-11-19','1972-11-18'),(189,152,16,'2021-06-22','2021-06-30','2021-06-29'),(190,176,6,'1976-12-25','1977-01-02','1977-01-01'),(191,111,19,'1979-03-25','1979-04-02','1979-04-01'),(192,68,191,'1980-04-08','1980-04-16','1980-04-15'),(193,74,121,'2024-09-26','2024-10-04','2024-10-03'),(194,140,48,'2024-03-17','2024-03-25','2024-03-24'),(195,61,150,'1990-05-20','1990-05-28','1990-05-27'),(196,61,36,'2002-09-08','2002-09-16','2002-09-15'),(197,200,127,'2002-05-20','2002-05-28','2002-05-27'),(198,108,151,'2003-10-27','2003-11-04','2003-11-03'),(199,52,63,'2017-09-14','2017-09-22','2017-09-21'),(200,163,45,'2012-06-21','2012-06-29','2012-06-28'),(201,3,3,'2024-11-17','2024-11-17','2024-11-24'),(202,4,5,'2024-11-17',NULL,'2024-11-24'),(203,6,8,'2024-11-17',NULL,'2024-11-24'),(204,9,7,'2024-11-18','2024-11-18','2024-11-25');
/*!40000 ALTER TABLE `issuetran` ENABLE KEYS */;
UNLOCK TABLES;

--
-- Table structure for table `membercategories`
--

DROP TABLE IF EXISTS `membercategories`;
/*!40101 SET @saved_cs_client     = @@character_set_client */;
/*!40101 SET character_set_client = utf8 */;
CREATE TABLE `membercategories` (
  `CategoryID` int(11) NOT NULL,
  `CategoryName` varchar(20) DEFAULT NULL,
  `Discount` int(11) DEFAULT NULL,
  PRIMARY KEY (`CategoryID`)
) ENGINE=InnoDB DEFAULT CHARSET=latin1;
/*!40101 SET character_set_client = @saved_cs_client */;

--
-- Dumping data for table `membercategories`
--

LOCK TABLES `membercategories` WRITE;
/*!40000 ALTER TABLE `membercategories` DISABLE KEYS */;
INSERT INTO `membercategories` VALUES (1,'Silver',10),(2,'Silver',19),(3,'Bronze',22),(4,'Gold',5),(5,'Bronze',27),(6,'Bronze',11),(7,'Gold',15),(8,'Gold',23),(9,'Bronze',15),(10,'Gold',8),(11,'Gold',24),(12,'Bronze',25),(13,'Gold',12),(14,'Silver',14),(15,'Bronze',18),(16,'Silver',26),(17,'Gold',21),(18,'Silver',21),(19,'Silver',14),(20,'Silver',15),(21,'Bronze',30),(22,'Silver',7),(23,'Bronze',19),(24,'Silver',14),(25,'Gold',29),(26,'Gold',17),(27,'Gold',7),(28,'Bronze',28),(29,'Gold',8),(30,'Bronze',23),(31,'Bronze',5),(32,'Gold',29),(33,'Bronze',5),(34,'Gold',6),(35,'Silver',13),(36,'Gold',27),(37,'Silver',15),(38,'Silver',23),(39,'Silver',20),(40,'Silver',19),(41,'Silver',11),(42,'Bronze',28),(43,'Bronze',13),(44,'Bronze',9),(45,'Silver',22),(46,'Gold',6),(47,'Silver',26),(48,'Silver',15),(49,'Silver',15),(50,'Gold',10),(51,'Silver',7),(52,'Bronze',20),(53,'Silver',23),(54,'Gold',7),(55,'Gold',27),(56,'Silver',21),(57,'Silver',27),(58,'Bronze',5),(59,'Bronze',12),(60,'Silver',22),(61,'Silver',19),(62,'Silver',8),(63,'Silver',6),(64,'Bronze',9),(65,'Gold',20),(66,'Silver',9),(67,'Silver',12),(68,'Bronze',10),(69,'Bronze',9),(70,'Gold',14),(71,'Bronze',14),(72,'Gold',9),(73,'Silver',23),(74,'Silver',22),(75,'Silver',20),(76,'Bronze',30),(77,'Bronze',20),(78,'Gold',28),(79,'Silver',7),(80,'Bronze',30),(81,'Silver',18),(82,'Gold',12),(83,'Gold',7),(84,'Silver',22),(85,'Gold',12),(86,'Silver',12),(87,'Gold',13),(88,'Gold',15),(89,'Silver',7),(90,'Bronze',16),(91,'Gold',6),(92,'Silver',16),(93,'Gold',13),(94,'Bronze',28),(95,'Silver',21),(96,'Gold',14),(97,'Bronze',10),(98,'Silver',17),(99,'Bronze',20),(100,'Bronze',6),(101,'Bronze',6),(102,'Silver',30),(103,'Bronze',23),(104,'Silver',9),(105,'Silver',13),(106,'Gold',21),(107,'Bronze',21),(108,'Gold',14),(109,'Gold',14),(110,'Bronze',13),(111,'Gold',6),(112,'Silver',16),(113,'Bronze',14),(114,'Silver',13),(115,'Silver',23),(116,'Bronze',22),(117,'Gold',29),(118,'Bronze',20),(119,'Bronze',17),(120,'Bronze',9),(121,'Gold',23),(122,'Silver',9),(123,'Silver',9),(124,'Silver',12),(125,'Silver',10),(126,'Silver',19),(127,'Silver',23),(128,'Bronze',29),(129,'Silver',30),(130,'Silver',7),(131,'Gold',18),(132,'Bronze',15),(133,'Silver',7),(134,'Bronze',10),(135,'Gold',6),(136,'Gold',9),(137,'Silver',29),(138,'Silver',7),(139,'Silver',22),(140,'Silver',22),(141,'Bronze',8),(142,'Silver',6),(143,'Silver',7),(144,'Bronze',5),(145,'Gold',19),(146,'Bronze',19),(147,'Silver',22),(148,'Bronze',21),(149,'Bronze',30),(150,'Silver',30),(151,'Gold',5),(152,'Silver',17),(153,'Bronze',19),(154,'Silver',11),(155,'Gold',29),(156,'Bronze',27),(157,'Silver',10),(158,'Bronze',6),(159,'Bronze',20),(160,'Gold',27),(161,'Bronze',13),(162,'Gold',30),(163,'Bronze',19),(164,'Gold',10),(165,'Silver',24),(166,'Gold',26),(167,'Bronze',21),(168,'Gold',28),(169,'Bronze',30),(170,'Bronze',27),(171,'Bronze',28),(172,'Bronze',30),(173,'Gold',10),(174,'Bronze',25),(175,'Bronze',12),(176,'Silver',8),(177,'Silver',21),(178,'Silver',14),(179,'Bronze',29),(180,'Gold',9),(181,'Gold',22),(182,'Bronze',21),(183,'Bronze',21),(184,'Gold',25),(185,'Gold',7),(186,'Silver',25),(187,'Silver',13),(188,'Gold',17),(189,'Gold',9),(190,'Bronze',18),(191,'Bronze',28),(192,'Bronze',20),(193,'Gold',7),(194,'Bronze',29),(195,'Bronze',25),(196,'Bronze',6),(197,'Silver',24),(198,'Bronze',19),(199,'Gold',22),(200,'Silver',26);
/*!40000 ALTER TABLE `membercategories` ENABLE KEYS */;
UNLOCK TABLES;

--
-- Table structure for table `movies`
--

DROP TABLE IF EXISTS `movies`;
/*!40101 SET @saved_cs_client     = @@character_set_client */;
/*!40101 SET character_set_client = utf8 */;
CREATE TABLE `movies` (
  `MovieID` int(11) NOT NULL,
  `Title` varchar(100) DEFAULT NULL,
  `ReleaseYear` int(11) DEFAULT NULL,
  `Genre` varchar(20) DEFAULT NULL,
  `RentalPrice` decimal(5,2) DEFAULT NULL,
  `ProducerID` int(11) DEFAULT NULL,
  PRIMARY KEY (`MovieID`),
  KEY `ProducerID` (`ProducerID`),
  CONSTRAINT `movies_ibfk_1` FOREIGN KEY (`ProducerID`) REFERENCES `producers` (`ProducerID`)
) ENGINE=InnoDB DEFAULT CHARSET=latin1;
/*!40101 SET character_set_client = @saved_cs_client */;

--
-- Dumping data for table `movies`
--

LOCK TABLES `movies` WRITE;
/*!40000 ALTER TABLE `movies` DISABLE KEYS */;
INSERT INTO `movies` VALUES (1,'Veritatis',2015,'Action',15.20,170),(2,'Veniam totam',2023,'Drama',22.23,94),(3,'Eum blanditiis unde',2020,'Drama',27.61,135),(4,'Facilis corrupti alias',1999,'Drama',24.32,199),(5,'Reprehenderit fugiat quibusdam',2008,'Action',3.87,55),(6,'Expedita architecto',2004,'Comedy',21.46,25),(7,'Veniam fuga repudiandae',2013,'Action',1.86,139),(8,'Excepturi aperiam',1999,'Comedy',22.57,14),(9,'Esse nisi omnis quia',2004,'Comedy',1.95,37),(10,'Nulla ea odit',2010,'Comedy',15.95,63),(11,'Debitis dolor eveniet',2021,'Drama',18.87,41),(12,'Id sint laudantium voluptate',1991,'Drama',24.41,145),(13,'Illo suscipit excepturi',1993,'Drama',1.13,82),(14,'Aperiam molestias',2017,'Drama',3.37,50),(15,'Reprehenderit enim eum',2001,'Drama',25.42,78),(16,'Temporibus',2016,'Action',11.16,80),(17,'Tempore est sequi',1998,'Comedy',14.20,119),(18,'Alias architecto',2015,'Drama',14.71,160),(19,'Accusantium rem',1991,'Drama',19.47,160),(20,'Sapiente ipsa',2017,'Drama',17.12,74),(21,'Commodi rem',2023,'Drama',9.51,86),(22,'Accusantium dolor sunt dicta',2007,'Action',8.60,169),(23,'Incidunt hic qui',2015,'Comedy',2.03,195),(24,'Consequuntur quibusdam',2014,'Action',25.85,96),(25,'Quidem itaque impedit',1998,'Action',19.43,121),(26,'Dicta quod',2017,'Comedy',27.18,58),(27,'Culpa maiores dicta',1994,'Action',1.62,85),(28,'Quisquam dolorum provident',2016,'Action',2.92,21),(29,'Aliquam cumque',1993,'Drama',6.75,107),(30,'Dolores rem',2004,'Comedy',1.99,162),(31,'Perferendis recusandae',1996,'Action',18.31,100),(32,'Ab quas',2017,'Drama',5.39,110),(33,'Debitis',2003,'Comedy',18.49,114),(34,'Quas impedit sed',1995,'Drama',14.36,60),(35,'Distinctio provident animi',2006,'Comedy',16.14,97),(36,'Pariatur veniam praesentium',2014,'Drama',21.75,99),(37,'Adipisci itaque',1997,'Action',15.05,93),(38,'Temporibus debitis porro nisi',2008,'Drama',5.14,88),(39,'Officia itaque beatae',1990,'Drama',3.11,174),(40,'Quaerat sequi molestias',2016,'Drama',3.78,52),(41,'Autem',2018,'Drama',24.51,104),(42,'Ad assumenda inventore',1994,'Action',12.17,31),(43,'Necessitatibus praesentium',2001,'Drama',24.46,170),(44,'Itaque odit natus',2014,'Drama',4.02,47),(45,'Vitae corporis expedita',2003,'Comedy',2.58,14),(46,'Aspernatur natus accusantium',2001,'Comedy',27.13,136),(47,'Doloremque ipsa',1997,'Comedy',1.17,155),(48,'Veniam eius',2015,'Action',10.15,69),(49,'Eius tempore dolorem',1998,'Comedy',8.58,192),(50,'Incidunt facilis',1993,'Action',25.05,160),(51,'Hic quasi eligendi',2018,'Comedy',23.98,181),(52,'Alias iste',2012,'Drama',1.95,144),(53,'Ex perferendis ipsum',1997,'Comedy',7.07,181),(54,'At eaque',2019,'Comedy',7.73,49),(55,'Impedit dolores maiores',2011,'Drama',23.45,142),(56,'Beatae voluptate amet',2001,'Drama',21.01,37),(57,'Repudiandae id',1996,'Drama',6.45,109),(58,'Neque porro at',2015,'Action',11.03,196),(59,'Necessitatibus nisi facilis iure',2023,'Action',28.32,6),(60,'Pariatur doloremque',2010,'Comedy',1.66,29),(61,'Eaque a odio',2000,'Drama',22.34,73),(62,'Suscipit vitae',1990,'Comedy',7.43,187),(63,'Neque cupiditate',2007,'Comedy',19.03,72),(64,'Eveniet rerum',2007,'Comedy',13.58,7),(65,'Consequatur cupiditate',2005,'Action',7.12,118),(66,'A illum perferendis',2023,'Comedy',11.41,191),(67,'Aliquam ab',2003,'Drama',15.29,40),(68,'Consequuntur consectetur voluptas',1997,'Drama',5.29,10),(69,'Iste at',1998,'Comedy',23.93,8),(70,'Tempore placeat odio',2014,'Drama',15.12,167),(71,'Sapiente odit consequuntur praesentium',2009,'Comedy',7.55,182),(72,'Voluptatem libero',2023,'Action',11.48,140),(73,'Occaecati eius',2014,'Comedy',9.78,135),(74,'A veritatis',2005,'Action',11.27,110),(75,'Dicta corporis nihil',2006,'Action',26.67,152),(76,'Excepturi corporis',1997,'Drama',19.90,12),(77,'Autem',2009,'Comedy',23.88,200),(78,'Commodi',1992,'Drama',3.45,30),(79,'Voluptatum saepe optio',2012,'Comedy',29.62,146),(80,'Amet illo fugiat',2006,'Action',3.73,172),(81,'Culpa quia',2002,'Action',11.22,44),(82,'Officia eius velit',2022,'Comedy',7.88,9),(83,'Excepturi commodi',1994,'Comedy',8.55,55),(84,'Tempore aperiam sit enim',2012,'Drama',1.05,36),(85,'Voluptate temporibus deleniti',2008,'Drama',1.93,78),(86,'Ipsam illo',2008,'Drama',17.26,118),(87,'Fugit aut dolores',1990,'Action',16.63,50),(88,'Illo',1997,'Comedy',19.07,176),(89,'Qui placeat perferendis',1994,'Drama',28.57,120),(90,'Ex dolorem odit',2011,'Action',19.01,6),(91,'Beatae velit',2007,'Drama',18.02,93),(92,'Ad numquam',1999,'Drama',20.69,167),(93,'Enim unde fugit',2020,'Comedy',21.50,192),(94,'Eaque quaerat quos',2005,'Comedy',28.88,198),(95,'Asperiores temporibus maxime',2001,'Comedy',5.12,149),(96,'Eveniet saepe sed',2002,'Drama',15.94,5),(97,'Reiciendis animi',1996,'Comedy',21.61,73),(98,'Error saepe',2006,'Action',21.70,53),(99,'Modi quidem officia',1993,'Drama',27.84,78),(100,'Voluptatibus laborum nulla',2023,'Action',29.31,53),(101,'Et natus',2003,'Drama',4.26,114),(102,'Facere eveniet',2018,'Action',1.36,151),(103,'Soluta possimus',2014,'Comedy',19.80,193),(104,'Assumenda fuga voluptatum',2010,'Drama',24.85,200),(105,'Similique necessitatibus',2007,'Action',22.72,1),(106,'Veritatis ipsa facere',2009,'Comedy',26.86,74),(107,'Incidunt eum optio',2001,'Action',10.81,156),(108,'Placeat iure',2006,'Drama',18.43,192),(109,'Omnis doloribus error',2017,'Comedy',7.00,162),(110,'Nobis placeat',1999,'Comedy',7.12,48),(111,'Nisi cupiditate',2014,'Action',12.39,180),(112,'Perferendis non',2000,'Action',2.63,87),(113,'Voluptate ut cumque',2017,'Comedy',22.24,141),(114,'Optio necessitatibus odio',1991,'Comedy',22.79,36),(115,'Minus cupiditate',2011,'Comedy',25.69,56),(116,'Qui',1997,'Action',2.44,90),(117,'Dolore ea',1995,'Action',29.26,27),(118,'Incidunt in',2023,'Comedy',6.57,46),(119,'Quisquam provident accusantium',2022,'Drama',25.34,47),(120,'Sit cupiditate ut',2004,'Action',11.03,26),(121,'Porro delectus cupiditate',2009,'Action',4.38,97),(122,'Officiis alias tenetur',2017,'Action',1.12,200),(123,'Corrupti optio',2011,'Comedy',8.56,96),(124,'Laborum dignissimos consectetur',2019,'Drama',15.46,52),(125,'Voluptates non fuga',2013,'Comedy',7.45,38),(126,'Quidem dolor facere',2018,'Drama',27.19,45),(127,'Esse mollitia assumenda',2001,'Action',26.34,94),(128,'Harum adipisci',2014,'Drama',17.51,127),(129,'Excepturi excepturi consectetur porro',2018,'Action',27.35,22),(130,'Culpa quidem',2003,'Action',14.46,31),(131,'Iste necessitatibus',2006,'Drama',26.68,49),(132,'Autem dignissimos nesciunt saepe',1992,'Comedy',25.09,75),(133,'Vel blanditiis deserunt',1990,'Comedy',16.84,47),(134,'Sapiente cupiditate ratione',2014,'Action',10.50,102),(135,'Eligendi accusamus possimus error',2013,'Drama',7.71,170),(136,'Mollitia distinctio soluta',2015,'Comedy',10.29,172),(137,'Distinctio laudantium ipsam',1997,'Comedy',7.87,8),(138,'Molestiae quo praesentium',2013,'Action',10.35,192),(139,'Saepe repudiandae et',2013,'Action',21.14,30),(140,'Tenetur enim',2019,'Action',8.94,121),(141,'Corporis ducimus',2018,'Drama',28.05,155),(142,'Dolores laborum',2006,'Action',6.12,46),(143,'Consectetur voluptatem',2000,'Comedy',7.31,94),(144,'Ad quos',1991,'Action',3.10,39),(145,'Autem dolorum nemo',1991,'Drama',27.58,70),(146,'Dolores ad',2018,'Action',21.52,118),(147,'Fugit placeat',2003,'Drama',28.86,87),(148,'Non magnam quibusdam',1998,'Action',1.32,42),(149,'Velit eligendi soluta',2007,'Comedy',28.45,42),(150,'Quis aperiam maxime',1992,'Action',12.86,107),(151,'Veritatis explicabo dolorem aliquam',2013,'Comedy',23.08,180),(152,'Ex culpa',2014,'Comedy',16.77,126),(153,'Dicta modi',1996,'Drama',26.82,111),(154,'Perspiciatis quis provident quisquam',2021,'Action',25.30,27),(155,'Exercitationem',1997,'Drama',4.26,128),(156,'Amet velit',1991,'Action',21.40,65),(157,'Cumque quasi',2012,'Drama',6.89,197),(158,'Nisi eaque',1998,'Drama',5.24,72),(159,'Aliquid natus necessitatibus',1994,'Action',10.54,178),(160,'Incidunt nobis',2006,'Action',26.17,114),(161,'Repellendus odio iste',2019,'Drama',5.38,13),(162,'Est alias asperiores',1998,'Action',25.37,179),(163,'Repellat',2008,'Drama',26.97,76),(164,'Unde accusamus',2014,'Comedy',21.17,105),(165,'Aspernatur ab distinctio',2023,'Drama',29.25,80),(166,'Inventore ipsam quasi',2017,'Drama',3.62,114),(167,'Animi possimus',2008,'Comedy',8.68,118),(168,'Dolor odit dolore',1990,'Drama',16.99,175),(169,'Pariatur omnis voluptates',2008,'Drama',19.39,159),(170,'Rerum praesentium',1994,'Drama',6.40,122),(171,'Unde animi',2014,'Drama',16.09,12),(172,'Provident quisquam',2004,'Action',12.58,26),(173,'Sed beatae',2009,'Action',20.07,83),(174,'Dolore ducimus quam',2011,'Drama',4.27,41),(175,'Facere sunt',2019,'Drama',12.37,160),(176,'Laborum quos',1999,'Drama',13.98,183),(177,'Dolorum modi incidunt',2014,'Action',18.49,24),(178,'Excepturi ratione quibusdam',1996,'Comedy',12.50,141),(179,'Repellendus adipisci ex deserunt',2000,'Comedy',17.95,94),(180,'Libero ipsum iusto',1997,'Drama',18.58,189),(181,'Nihil numquam',1996,'Comedy',21.75,193),(182,'Ipsa deserunt',1994,'Drama',3.86,56),(183,'Laborum voluptate est',2023,'Comedy',20.71,13),(184,'Doloremque facilis',2016,'Action',19.45,43),(185,'Pariatur aut sunt',1990,'Comedy',18.30,86),(186,'Voluptates totam aliquam est',2001,'Action',13.82,196),(187,'Aperiam necessitatibus facere',2017,'Comedy',20.13,164),(188,'Consequuntur rem dolores',2005,'Drama',5.74,70),(189,'Praesentium ipsum neque temporibus',2022,'Drama',20.96,93),(190,'Pariatur placeat omnis',2019,'Comedy',7.28,172),(191,'Veritatis pariatur',2002,'Drama',9.04,154),(192,'Nemo numquam quis aperiam',2005,'Action',28.21,8),(193,'Perferendis ad commodi',1994,'Comedy',5.05,72),(194,'Quos aperiam tenetur',2021,'Drama',5.20,166),(195,'Hic veritatis',2017,'Action',9.29,177),(196,'Reiciendis odio id',2005,'Drama',19.03,177),(197,'Reiciendis aut ipsam',2019,'Comedy',12.18,48),(198,'Ratione illo',2005,'Comedy',1.86,42),(199,'Temporibus harum quibusdam',2021,'Action',13.04,181),(200,'Quidem corporis',2003,'Comedy',11.30,163);
/*!40000 ALTER TABLE `movies` ENABLE KEYS */;
UNLOCK TABLES;

--
-- Table structure for table `producers`
--

DROP TABLE IF EXISTS `producers`;
/*!40101 SET @saved_cs_client     = @@character_set_client */;
/*!40101 SET character_set_client = utf8 */;
CREATE TABLE `producers` (
  `ProducerID` int(11) NOT NULL,
  `Title` varchar(10) DEFAULT NULL,
  `Name` varchar(100) DEFAULT NULL,
  `Website` varchar(100) DEFAULT NULL,
  PRIMARY KEY (`ProducerID`)
) ENGINE=InnoDB DEFAULT CHARSET=latin1;
/*!40101 SET character_set_client = @saved_cs_client */;

--
-- Dumping data for table `producers`
--

LOCK TABLES `producers` WRITE;
/*!40000 ALTER TABLE `producers` DISABLE KEYS */;
INSERT INTO `producers` VALUES (1,'Mr','Martinez, Cox and Neal','https://www.vance.edu.au/'),(2,'Mr','Smith-Lee','https://nichols.net/'),(3,'Ms','Diaz and Sons','http://www.monroe.org/'),(4,'Mrs','Davis-George','https://williams-jackson.biz/'),(5,'Ms','Meyer, Garcia and Sanchez','https://willis.edu.au/'),(6,'Mrs','Todd-Forbes','http://wolfe-mendoza.com/'),(7,'Ms','Morales, Peterson and Carter','https://www.cuevas.org/'),(8,'Mrs','Davila Ltd','https://www.cruz-perry.net.au/'),(9,'Prof','Moss Inc','http://dunn.com.au/'),(10,'Ms','Chang, Jones and Sandoval','https://brown-banks.biz/'),(11,'Dr','Moon, Bond and Perez','https://flynn.org.au/'),(12,'Dr','Mendez Group','http://www.griffin-vaughn.net/'),(13,'Dr','Warren-Allen','http://black-mendez.net.au/'),(14,'Mrs','King, Mills and Perez','http://miller.org/'),(15,'Mr','Vasquez-Chase','https://johnson.info/'),(16,'Ms','Barron and Sons','http://www.hawkins.net/'),(17,'Mrs','Martinez Group','http://www.branch.edu.au/'),(18,'Dr','Turner, Thomas and Scott','https://burns-fry.info/'),(19,'Mrs','Gonzales, Nelson and Williams','https://garcia.biz/'),(20,'Mr','Young-Roberson','http://nelson.biz/'),(21,'Dr','Davis Inc','https://baker-mullins.org/'),(22,'Dr','Gordon Ltd','https://weiss.net/'),(23,'Dr','Price-Macias','https://scott.net/'),(24,'Dr','Stafford-Gonzalez','http://davis.org.au/'),(25,'Dr','Sullivan-Summers','http://www.parker-schneider.net/'),(26,'Prof','Maddox-Pope','http://www.fuller.com.au/'),(27,'Dr','Lamb, Garcia and Rodriguez','https://www.newman.info/'),(28,'Prof','White, Cole and Mcknight','http://bailey.info/'),(29,'Ms','Salinas, Hunter and Bennett','https://smith.net.au/'),(30,'Mrs','Hammond-Christensen','https://rollins-fuller.org/'),(31,'Dr','Chapman, Boyd and Butler','https://www.berg.net/'),(32,'Ms','Li and Sons','http://www.berry-torres.org/'),(33,'Mr','Rhodes Ltd','https://www.tapia.edu/'),(34,'Mrs','Dougherty, Medina and Tucker','https://simpson.net/'),(35,'Dr','Taylor LLC','https://lewis.net.au/'),(36,'Dr','Bishop, Stevens and Jacobson','https://www.stewart.net/'),(37,'Mrs','Page, Petty and Harrison','https://www.harper.net.au/'),(38,'Prof','Arias, Owens and Smith','http://www.fernandez-carter.org.au/'),(39,'Mr','Lopez-Potts','https://rodriguez-garcia.edu.au/'),(40,'Mr','Mendoza Group','http://page.edu.au/'),(41,'Ms','Robbins, Pena and Reyes','http://wood.edu.au/'),(42,'Mr','George, Bryan and Hernandez','http://hobbs.net/'),(43,'Prof','Robertson, Jones and Perez','https://www.davis-johnson.edu.au/'),(44,'Mr','Williams-Stephenson','http://wilson.net/'),(45,'Prof','Moreno, Phillips and Hernandez','http://www.anderson-chang.org.au/'),(46,'Mrs','Ross-Alvarez','http://www.king.com.au/'),(47,'Mrs','Bell-Reyes','http://garrett-ballard.edu/'),(48,'Ms','Watson, Watkins and Ford','https://www.carter-hobbs.edu/'),(49,'Mr','Reynolds Group','https://jones.net.au/'),(50,'Ms','Kelly, Flores and Stewart','https://www.rivera.info/'),(51,'Mr','Walter, Baker and Gardner','http://www.campos-young.edu/'),(52,'Mr','Bennett Ltd','https://lane.net/'),(53,'Mr','Dixon-Molina','https://chapman-johnson.edu/'),(54,'Dr','Phillips Group','https://www.lowery.biz/'),(55,'Ms','Hernandez Group','https://www.bryan-williamson.com.au/'),(56,'Mrs','Dyer-Delgado','http://mckinney.com.au/'),(57,'Mrs','Perez and Sons','https://www.lopez.net.au/'),(58,'Mr','Bullock Ltd','https://www.king-zhang.org/'),(59,'Mrs','Barr-Yang','http://www.davis-johnson.org.au/'),(60,'Ms','Castro, Williams and Meyers','https://www.jordan.net/'),(61,'Mrs','Jones, Gomez and Gonzalez','https://www.smith-harris.biz/'),(62,'Mr','Moore, Watson and Mcdonald','http://anderson.biz/'),(63,'Dr','Johnson Group','https://www.rodriguez.com/'),(64,'Prof','Drake, Burnett and Thompson','http://bowen-walker.org/'),(65,'Mrs','Ware-Powell','https://www.cooley-king.org/'),(66,'Ms','Williams, Gallagher and Snyder','https://www.paul-blair.biz/'),(67,'Ms','Coffey-Thompson','http://www.mason.biz/'),(68,'Prof','Smith, Evans and Pierce','http://dean.com/'),(69,'Prof','Thomas-Carr','https://thomas.com/'),(70,'Mr','Walker Group','https://rivas-wood.com/'),(71,'Prof','Daugherty Group','http://burgess.org/'),(72,'Dr','Hines-Cruz','https://www.rodriguez-anderson.com.au/'),(73,'Ms','Obrien LLC','http://www.rios.edu/'),(74,'Mrs','Jackson-Cole','http://terry.org.au/'),(75,'Dr','Townsend-Cabrera','https://russell.net.au/'),(76,'Mr','Ramirez, Franklin and Mcbride','https://davis-perez.org/'),(77,'Ms','Walker-Gonzalez','https://www.peterson.com/'),(78,'Prof','Romero and Sons','https://www.smith.net/'),(79,'Dr','Keith PLC','https://bowman-ware.org.au/'),(80,'Mr','Cunningham-Garcia','https://whitehead-patton.biz/'),(81,'Prof','Ward, Reyes and Garcia','https://www.russell.biz/'),(82,'Dr','Mora-Reilly','https://fisher.org/'),(83,'Prof','Wu-Martin','https://www.perez.info/'),(84,'Mrs','Haley, White and Mccoy','http://kelley.edu/'),(85,'Prof','Elliott Ltd','https://www.zhang-jones.net.au/'),(86,'Mr','Cooper-Peterson','http://farley-morse.com.au/'),(87,'Mr','Nguyen PLC','https://www.parker.org/'),(88,'Mr','Hall and Sons','https://www.nunez.org/'),(89,'Mrs','Walker-Gill','https://mahoney.com/'),(90,'Dr','Jones-Morgan','http://brock.com.au/'),(91,'Mrs','Santana LLC','http://powell.org/'),(92,'Prof','Smith and Sons','https://larson-lopez.info/'),(93,'Ms','Tran, Acevedo and Velazquez','https://www.smith.org/'),(94,'Prof','Campbell, Jackson and Little','http://leach-mason.com.au/'),(95,'Dr','Smith-Mendoza','https://www.goodwin.edu/'),(96,'Ms','Hoover LLC','http://mcintosh-cox.edu/'),(97,'Prof','Lee, Hooper and Lawson','https://johnson.com.au/'),(98,'Ms','Smith Group','http://hensley-shah.edu/'),(99,'Ms','Mayer, Hansen and Bean','http://clark-bryan.biz/'),(100,'Mr','Lee-Davis','https://www.tran-rivera.org/'),(101,'Prof','Mccullough-Berg','http://www.rogers.com.au/'),(102,'Dr','Barr PLC','https://www.velasquez.com/'),(103,'Ms','Patel-Singh','http://hood.org.au/'),(104,'Dr','Conway LLC','http://www.gutierrez.net/'),(105,'Mr','Oneill PLC','https://www.green-diaz.edu/'),(106,'Prof','Brock Inc','http://www.jordan.com/'),(107,'Ms','George Ltd','https://howard.edu/'),(108,'Mrs','Hall Group','http://www.nichols.org/'),(109,'Ms','Woods, Williams and Bentley','http://www.barker.org.au/'),(110,'Mr','Thomas-Thomas','https://boyd.com/'),(111,'Mrs','Brown, Mckinney and Taylor','http://www.kim-gonzalez.net.au/'),(112,'Mr','Acosta Group','https://www.daniels.com/'),(113,'Dr','Kline-Jones','https://meadows.net/'),(114,'Ms','Burke Group','https://www.pineda.biz/'),(115,'Ms','Meyer, Dickson and Dunn','https://dixon-edwards.net.au/'),(116,'Mrs','Valdez Group','http://ferguson.biz/'),(117,'Dr','Anderson and Sons','https://www.fisher-benitez.edu.au/'),(118,'Mrs','Allison Inc','http://clark-christian.edu.au/'),(119,'Dr','Fitzpatrick, Zimmerman and Gordon','https://www.decker.org.au/'),(120,'Prof','Henry-Moore','https://moore-lambert.biz/'),(121,'Mrs','Mann-Rodriguez','https://vaughan.com.au/'),(122,'Mrs','Hill Ltd','http://www.vega-pacheco.com/'),(123,'Prof','Cunningham-Bailey','http://www.roy.org/'),(124,'Dr','Liu LLC','http://www.banks-bradshaw.biz/'),(125,'Ms','Becker-Glenn','https://walters.biz/'),(126,'Ms','Ruiz Ltd','http://reed-lopez.edu.au/'),(127,'Prof','Bennett, Fowler and Allen','http://www.fields.net/'),(128,'Mrs','Mendez, Fields and Lucas','https://www.thompson.edu.au/'),(129,'Mrs','Johnson, Smith and Howard','https://www.lewis.biz/'),(130,'Mrs','Powell, Johnson and Velez','https://www.page-flores.net/'),(131,'Dr','Chang-Barrett','http://www.williams-todd.net.au/'),(132,'Ms','Johnson-Strickland','http://mason-mcdonald.net/'),(133,'Prof','Harris Group','https://johnson.com.au/'),(134,'Mr','Foster, Barry and Thompson','https://moore.net.au/'),(135,'Mr','Contreras, Anderson and Davis','https://www.hunter-daniels.com/'),(136,'Mr','Harvey PLC','http://www.evans.com/'),(137,'Ms','Coleman-Obrien','http://simpson.org.au/'),(138,'Mr','Mullins Group','http://www.brewer-reed.org/'),(139,'Dr','Schroeder PLC','http://www.martin-stevens.org/'),(140,'Prof','Mcdaniel, Jones and Hudson','http://bennett-anderson.org.au/'),(141,'Prof','Davis-Johnson','http://www.rodriguez.net/'),(142,'Ms','Fleming, Gutierrez and Parker','https://davis.com.au/'),(143,'Prof','Ramos, Wallace and Brown','http://norton.com/'),(144,'Mr','Thompson, Donovan and Hernandez','https://santiago-moran.biz/'),(145,'Mrs','Miller PLC','https://www.matthews.edu.au/'),(146,'Dr','Johnson-Good','http://smith.edu.au/'),(147,'Mrs','Lowe, Harris and Welch','https://howard-bean.net.au/'),(148,'Ms','Lopez Ltd','http://white.biz/'),(149,'Prof','Davis-Diaz','http://www.barnes-stephens.org/'),(150,'Mrs','Roberts-Arnold','https://www.taylor.net/'),(151,'Mrs','Allen, Haynes and Osborne','https://hendricks.net.au/'),(152,'Dr','Jordan, Rose and Adkins','https://smith.edu.au/'),(153,'Mrs','Anderson PLC','http://www.hernandez.org/'),(154,'Mrs','Jenkins, Rubio and Obrien','http://vance-white.com/'),(155,'Mrs','Mcfarland, Leonard and Carlson','http://www.bruce-mendez.com/'),(156,'Prof','Ramos-Sanchez','http://medina-porter.edu/'),(157,'Ms','Snyder-Cruz','https://www.hendrix-williams.org/'),(158,'Prof','Jones-Cooper','https://www.kirby-williams.net/'),(159,'Mr','Adams-Mack','http://newman.edu.au/'),(160,'Mrs','Beck, Smith and Oconnor','https://gillespie-holmes.net.au/'),(161,'Dr','Horn, Martinez and Smith','http://www.wilson.info/'),(162,'Mrs','Vaughn Ltd','https://silva.com.au/'),(163,'Ms','Martinez-Sawyer','https://davis.net/'),(164,'Mr','Snyder and Sons','https://www.shannon.com.au/'),(165,'Mrs','Alvarado and Sons','https://www.singh-horn.edu/'),(166,'Mrs','Knight Inc','https://www.ward.edu/'),(167,'Ms','Rodriguez, Reynolds and Jimenez','https://rodriguez.com/'),(168,'Prof','Martinez Inc','http://wilson.com/'),(169,'Ms','Roberts-Burton','https://prince.com/'),(170,'Mrs','Snyder, Orr and Nguyen','http://www.carey-pollard.info/'),(171,'Mrs','Martin, Robertson and Price','https://www.burton.org/'),(172,'Dr','Black LLC','https://fox.org/'),(173,'Mr','Price Inc','http://brooks-dorsey.edu.au/'),(174,'Prof','Marks PLC','https://kim.edu/'),(175,'Mrs','Mcconnell LLC','http://www.salazar.net/'),(176,'Mrs','Byrd, Oconnor and Ward','http://www.trevino-lester.info/'),(177,'Mrs','Mccarty, Mathews and Davis','https://www.erickson.net.au/'),(178,'Prof','Lane, Walker and Bailey','http://www.nelson-hernandez.net/'),(179,'Mrs','Wong-Bryant','http://www.bass.org.au/'),(180,'Prof','Butler PLC','https://moore.net.au/'),(181,'Ms','Carter Inc','http://www.cline.com/'),(182,'Dr','Taylor, Colon and Conway','http://www.brown.com.au/'),(183,'Dr','Murphy-Hood','http://www.smith-grant.org/'),(184,'Mr','Ferrell Inc','http://www.jennings.net/'),(185,'Mr','Moore LLC','http://www.mcclure.edu/'),(186,'Prof','Wade Inc','https://gonzalez-martin.org/'),(187,'Dr','Winters-Reyes','https://www.ryan.org.au/'),(188,'Mrs','Mejia PLC','http://goodman.net/'),(189,'Prof','Vazquez-Escobar','http://flores.org.au/'),(190,'Mrs','Gross-Gonzalez','https://hamilton.biz/'),(191,'Mrs','Munoz-Vega','http://www.walker.net.au/'),(192,'Mr','Bowers Group','https://www.flynn.edu.au/'),(193,'Prof','Davidson-Summers','http://sandoval-cordova.biz/'),(194,'Dr','Carter-Gay','http://gibson.edu/'),(195,'Prof','Snyder PLC','https://www.townsend.edu/'),(196,'Dr','Ortega, Wong and Duke','http://ali.edu/'),(197,'Mr','Esparza LLC','http://cameron.com/'),(198,'Mr','Bass-Jones','https://irwin.edu.au/'),(199,'Dr','Jacobs, Cummings and Johnson','https://www.holmes-sellers.edu/'),(200,'Mr','Miller-Simmons','http://davidson-drake.com.au/');
/*!40000 ALTER TABLE `producers` ENABLE KEYS */;
UNLOCK TABLES;

--
-- Table structure for table `producerwebsite`
--

DROP TABLE IF EXISTS `producerwebsite`;
/*!40101 SET @saved_cs_client     = @@character_set_client */;
/*!40101 SET character_set_client = utf8 */;
CREATE TABLE `producerwebsite` (
  `ProducerID` int(11) NOT NULL,
  `URL` varchar(100) DEFAULT NULL,
  PRIMARY KEY (`ProducerID`),
  CONSTRAINT `producerwebsite_ibfk_1` FOREIGN KEY (`ProducerID`) REFERENCES `producers` (`ProducerID`)
) ENGINE=InnoDB DEFAULT CHARSET=latin1;
/*!40101 SET character_set_client = @saved_cs_client */;

--
-- Dumping data for table `producerwebsite`
--

LOCK TABLES `producerwebsite` WRITE;
/*!40000 ALTER TABLE `producerwebsite` DISABLE KEYS */;
INSERT INTO `producerwebsite` VALUES (1,'https://www.dawson-alexander.com/'),(2,'http://smith.com/'),(3,'https://williams.edu.au/'),(4,'https://fields.info/'),(5,'https://www.adams.com/'),(6,'http://graham.net.au/'),(7,'https://williams.biz/'),(8,'https://www.white.net.au/'),(9,'https://snyder.net/'),(10,'http://www.berry.biz/'),(11,'http://www.warner-lopez.com.au/'),(12,'https://smith.net.au/'),(13,'http://www.white-freeman.com.au/'),(14,'http://www.murphy-owens.edu.au/'),(15,'https://www.lee.net.au/'),(16,'http://www.lee.edu/'),(17,'http://www.smith.net/'),(18,'https://www.hughes.net.au/'),(19,'https://www.valenzuela.net.au/'),(20,'https://juarez-adams.org.au/'),(21,'http://parker.biz/'),(22,'https://www.washington.net.au/'),(23,'http://www.thornton.net/'),(24,'https://dixon.net/'),(25,'https://barrett.net.au/'),(26,'http://myers.info/'),(27,'https://www.boyd.info/'),(28,'https://www.collins.com.au/'),(29,'http://www.graves-duncan.edu/'),(30,'https://www.bright.org/'),(31,'http://www.bennett.com.au/'),(32,'https://adkins.biz/'),(33,'https://romero-tanner.biz/'),(34,'https://www.jackson.net.au/'),(35,'https://www.romero.com/'),(36,'http://miller.biz/'),(37,'https://schroeder.org.au/'),(38,'https://www.parker.edu.au/'),(39,'http://www.payne.biz/'),(40,'http://www.martin.edu.au/'),(41,'http://www.griffin.info/'),(42,'https://www.strickland.edu.au/'),(43,'https://www.savage.org/'),(44,'http://massey.edu/'),(45,'http://www.sparks.edu/'),(46,'http://www.ramirez.edu.au/'),(47,'https://garner-wright.org/'),(48,'https://briggs-edwards.net/'),(49,'http://salazar.net.au/'),(50,'https://house-wilson.edu/'),(51,'http://www.white.com/'),(52,'https://www.hunter-clark.org.au/'),(53,'https://holt-moore.net.au/'),(54,'http://www.garcia-bell.net.au/'),(55,'https://fox-taylor.biz/'),(56,'https://www.mccullough-drake.org/'),(57,'http://www.hanna.info/'),(58,'http://fields-thompson.info/'),(59,'https://gray.com.au/'),(60,'https://www.molina.com.au/'),(61,'https://jones.com/'),(62,'https://www.nguyen.biz/'),(63,'http://www.myers.com/'),(64,'http://www.bailey.org/'),(65,'http://www.montoya-diaz.net/'),(66,'http://www.lopez.com/'),(67,'https://www.miller-howard.net.au/'),(68,'https://mullins.org.au/'),(69,'http://www.kim.net.au/'),(70,'http://parks.info/'),(71,'http://www.foley-wilson.edu.au/'),(72,'http://www.scott.edu/'),(73,'https://ellis.org/'),(74,'http://www.spencer.edu.au/'),(75,'http://www.dean.com.au/'),(76,'https://perry-benton.org.au/'),(77,'https://www.scott.com/'),(78,'https://price-taylor.com/'),(79,'http://www.washington-price.edu/'),(80,'http://www.reid-dixon.com.au/'),(81,'http://www.brady.net.au/'),(82,'https://www.frank.biz/'),(83,'http://www.barton.net/'),(84,'https://www.jefferson-garcia.com/'),(85,'http://haney.net/'),(86,'http://www.shields-guzman.net/'),(87,'http://www.dean-robertson.org/'),(88,'http://www.clark.net/'),(89,'https://walker.com/'),(90,'http://walls-wilson.edu.au/'),(91,'https://www.marshall.net.au/'),(92,'https://roberson-rojas.com/'),(93,'http://kerr.com.au/'),(94,'http://wilson.org/'),(95,'http://ayers.org.au/'),(96,'https://www.mccarthy-knight.net/'),(97,'https://www.carter.com/'),(98,'https://www.peters-miller.org/'),(99,'https://franklin-foster.edu/'),(100,'http://www.lee.info/'),(101,'http://kennedy-santiago.net.au/'),(102,'http://arias-wagner.com/'),(103,'https://www.johnson-chavez.edu.au/'),(104,'http://lopez-byrd.info/'),(105,'https://www.washington.net/'),(106,'http://www.haynes-flores.info/'),(107,'https://buck.info/'),(108,'https://www.shepard-martin.net.au/'),(109,'https://gonzalez.com/'),(110,'https://evans.net/'),(111,'http://montgomery.org.au/'),(112,'http://www.skinner.info/'),(113,'https://www.poole.net.au/'),(114,'http://foster.com/'),(115,'https://www.roman-dalton.info/'),(116,'http://www.gross.com.au/'),(117,'https://www.chavez.com/'),(118,'https://www.lopez.edu.au/'),(119,'https://www.moreno.edu/'),(120,'http://flores-lowe.com/'),(121,'https://bennett-norman.org.au/'),(122,'https://alvarez-mann.edu/'),(123,'http://ward.biz/'),(124,'https://farmer-rodgers.org/'),(125,'https://miranda-gilmore.net/'),(126,'https://weaver-rice.edu.au/'),(127,'http://www.hendricks.info/'),(128,'https://tucker-ayala.net/'),(129,'http://www.welch.biz/'),(130,'http://romero.org/'),(131,'http://hart-scott.edu.au/'),(132,'https://ferguson-martin.com.au/'),(133,'http://bailey.edu.au/'),(134,'https://www.carroll.org.au/'),(135,'http://www.wagner.com/'),(136,'https://beasley-jackson.edu/'),(137,'http://thomas.biz/'),(138,'https://adams-hernandez.org.au/'),(139,'http://www.martin-price.info/'),(140,'https://www.taylor.net/'),(141,'http://rios.com.au/'),(142,'http://www.austin.org.au/'),(143,'http://pope.edu/'),(144,'https://www.downs.com.au/'),(145,'https://www.gonzalez.edu.au/'),(146,'https://perez-fuentes.org.au/'),(147,'https://miller.net/'),(148,'http://johnson.net.au/'),(149,'https://bishop.com/'),(150,'https://smith-hebert.net.au/'),(151,'https://watson.edu/'),(152,'http://www.munoz.org/'),(153,'https://www.campbell-swanson.org/'),(154,'https://www.brown.edu/'),(155,'https://flynn.net.au/'),(156,'http://www.sanders.com/'),(157,'http://www.norton-walton.net/'),(158,'http://allen.biz/'),(159,'http://russell.com.au/'),(160,'https://montgomery.info/'),(161,'http://www.crane-dodson.info/'),(162,'https://morrison.com.au/'),(163,'http://cook.org/'),(164,'https://www.brown.info/'),(165,'https://www.boyd.info/'),(166,'https://randall.com.au/'),(167,'http://reed.edu.au/'),(168,'http://www.howard.net/'),(169,'http://www.williams.info/'),(170,'https://knapp-johnson.org.au/'),(171,'https://wilson.org.au/'),(172,'https://herman.biz/'),(173,'http://love-harris.com/'),(174,'http://yang-house.edu.au/'),(175,'http://www.cain.net/'),(176,'https://www.franklin.net.au/'),(177,'https://sanders.org/'),(178,'https://williams-brown.info/'),(179,'https://www.bender.edu/'),(180,'http://www.andrade.biz/'),(181,'https://www.jackson-armstrong.org.au/'),(182,'https://www.allen.net/'),(183,'https://baker-matthews.com/'),(184,'http://www.macdonald.net.au/'),(185,'http://www.neal-rivera.net/'),(186,'https://barnes.net.au/'),(187,'http://www.cline-vaughan.com/'),(188,'https://www.george.edu/'),(189,'https://crosby-thomas.edu.au/'),(190,'https://johnson.net/'),(191,'https://www.hardy-brown.net.au/'),(192,'http://www.ferguson.edu.au/'),(193,'http://oneill.edu/'),(194,'http://www.moss.com/'),(195,'https://terrell.edu.au/'),(196,'https://www.edwards-johnson.info/'),(197,'http://www.greene.info/'),(198,'http://www.jackson.com/'),(199,'https://walls-sanders.com.au/'),(200,'https://www.lopez-roberts.info/');
/*!40000 ALTER TABLE `producerwebsite` ENABLE KEYS */;
UNLOCK TABLES;

--
-- Table structure for table `stockadjustment`
--

DROP TABLE IF EXISTS `stockadjustment`;
/*!40101 SET @saved_cs_client     = @@character_set_client */;
/*!40101 SET character_set_client = utf8 */;
CREATE TABLE `stockadjustment` (
  `AdjustmentID` int(11) NOT NULL,
  `MovieID` int(11) DEFAULT NULL,
  `Quantity` int(11) DEFAULT NULL,
  `AdjustmentDate` date DEFAULT NULL,
  PRIMARY KEY (`AdjustmentID`),
  KEY `MovieID` (`MovieID`),
  CONSTRAINT `stockadjustment_ibfk_1` FOREIGN KEY (`MovieID`) REFERENCES `movies` (`MovieID`)
) ENGINE=InnoDB DEFAULT CHARSET=latin1;
/*!40101 SET character_set_client = @saved_cs_client */;

--
-- Dumping data for table `stockadjustment`
--

LOCK TABLES `stockadjustment` WRITE;
/*!40000 ALTER TABLE `stockadjustment` DISABLE KEYS */;
INSERT INTO `stockadjustment` VALUES (1,130,5,'1973-03-31'),(2,106,2,'1985-10-09'),(3,7,1,'2022-06-07'),(4,93,8,'1985-02-17'),(5,145,10,'2023-10-31'),(6,50,5,'1973-09-27'),(7,108,3,'2023-08-24'),(8,71,5,'1977-05-04'),(9,178,10,'1979-07-12'),(10,163,6,'2000-11-30'),(11,164,3,'1992-03-24'),(12,6,4,'1982-07-20'),(13,73,10,'2023-07-16'),(14,3,9,'1980-05-11'),(15,74,9,'2022-02-12'),(16,86,2,'2021-01-06'),(17,108,6,'1991-12-30'),(18,26,8,'2008-05-25'),(19,102,1,'1982-12-24'),(20,181,10,'1970-01-25'),(21,14,10,'2005-04-15'),(22,137,4,'1992-03-30'),(23,36,9,'1987-07-07'),(24,96,5,'2013-09-24'),(25,176,3,'1976-07-31'),(26,181,8,'1985-04-13'),(27,104,8,'2021-03-26'),(28,188,8,'2006-01-12'),(29,18,10,'2005-03-05'),(30,184,3,'1971-02-05'),(31,141,2,'2010-01-17'),(32,100,10,'2017-06-28'),(33,26,9,'2006-11-19'),(34,156,6,'1998-03-14'),(35,91,6,'1993-10-30'),(36,172,6,'2001-04-08'),(37,157,9,'1975-03-04'),(38,22,4,'2004-09-22'),(39,38,7,'2004-06-09'),(40,1,2,'2014-08-28'),(41,187,4,'1981-09-28'),(42,173,1,'1973-06-25'),(43,126,2,'2020-01-29'),(44,185,1,'2014-11-09'),(45,73,9,'1981-02-18'),(46,103,5,'2011-07-20'),(47,2,3,'1982-04-07'),(48,7,10,'2006-09-03'),(49,141,10,'1970-02-17'),(50,27,1,'2022-02-22'),(51,120,8,'2023-06-06'),(52,46,5,'1988-09-18'),(53,10,3,'1989-09-30'),(54,187,6,'2000-01-07'),(55,114,10,'2023-09-15'),(56,13,6,'2015-07-27'),(57,153,1,'1977-12-07'),(58,141,7,'1994-01-17'),(59,108,3,'2007-03-11'),(60,23,2,'1980-01-19'),(61,16,4,'1974-07-30'),(62,106,5,'1980-10-24'),(63,40,2,'1981-01-31'),(64,187,5,'2013-11-06'),(65,26,6,'1971-07-29'),(66,196,3,'1973-02-06'),(67,11,9,'2016-04-02'),(68,3,2,'1990-07-27'),(69,71,5,'1991-04-17'),(70,68,2,'2016-05-22'),(71,114,7,'1985-05-30'),(72,52,6,'1974-05-12'),(73,31,8,'1977-09-21'),(74,128,10,'2003-06-10'),(75,60,7,'1987-03-21'),(76,10,9,'1972-12-05'),(77,199,8,'1973-04-03'),(78,82,1,'2011-08-16'),(79,133,1,'1985-04-08'),(80,131,3,'2000-07-20'),(81,106,10,'1973-03-06'),(82,79,5,'2005-05-02'),(83,72,1,'2003-04-08'),(84,59,2,'2009-04-27'),(85,53,6,'1989-06-07'),(86,56,1,'1990-08-25'),(87,27,5,'2005-02-08'),(88,130,6,'1985-11-03'),(89,125,5,'1983-07-14'),(90,120,6,'1998-08-20'),(91,41,7,'1983-04-06'),(92,163,4,'2002-02-02'),(93,12,10,'1986-10-01'),(94,68,4,'1970-01-06'),(95,4,4,'2005-11-07'),(96,2,2,'2010-07-03'),(97,94,8,'1974-12-28'),(98,176,6,'1974-04-05'),(99,70,6,'1996-05-28'),(100,198,10,'1984-07-10'),(101,113,8,'1972-09-09'),(102,44,3,'2021-07-26'),(103,125,6,'2014-05-21'),(104,157,8,'1987-04-19'),(105,92,6,'2015-09-16'),(106,68,3,'2006-09-28'),(107,170,7,'2005-01-07'),(108,65,6,'2015-02-23'),(109,92,6,'1990-04-09'),(110,33,8,'1993-12-03'),(111,43,2,'1989-11-05'),(112,37,1,'1987-02-20'),(113,57,3,'2021-04-04'),(114,153,5,'2014-12-08'),(115,186,6,'2009-03-26'),(116,68,2,'1993-11-07'),(117,190,3,'2008-03-20'),(118,44,6,'2024-05-26'),(119,115,5,'2001-02-04'),(120,50,9,'1986-10-27'),(121,160,10,'1989-09-24'),(122,27,7,'2022-08-15'),(123,182,4,'1982-06-23'),(124,107,4,'1987-01-04'),(125,200,2,'1996-10-03'),(126,164,4,'2023-01-12'),(127,9,9,'2002-07-24'),(128,127,7,'2009-11-19'),(129,48,3,'2017-08-22'),(130,77,8,'2001-04-03'),(131,62,7,'1992-08-26'),(132,196,5,'2013-11-12'),(133,109,1,'1982-10-16'),(134,151,4,'1986-11-29'),(135,48,2,'1975-09-29'),(136,146,7,'1977-04-25'),(137,28,10,'2009-07-31'),(138,177,2,'1980-03-30'),(139,126,6,'1970-04-05'),(140,121,3,'1990-06-23'),(141,143,9,'2001-12-20'),(142,122,3,'1975-09-27'),(143,186,10,'2015-06-17'),(144,198,4,'2005-02-02'),(145,42,6,'2013-02-13'),(146,78,6,'1997-08-18'),(147,39,5,'1990-07-04'),(148,180,10,'1977-04-05'),(149,68,2,'2012-02-20'),(150,65,4,'2016-01-07'),(151,93,4,'1977-07-19'),(152,137,4,'1989-05-29'),(153,59,3,'1976-01-29'),(154,140,4,'1987-12-26'),(155,177,8,'2016-09-07'),(156,131,7,'1979-03-12'),(157,98,1,'1988-06-29'),(158,67,10,'1995-02-21'),(159,184,3,'1972-04-22'),(160,59,6,'1979-03-08'),(161,43,6,'1970-06-30'),(162,171,10,'1971-04-24'),(163,142,3,'2006-08-11'),(164,182,7,'1996-03-12'),(165,174,6,'1978-01-07'),(166,34,8,'1974-10-23'),(167,168,7,'2014-11-21'),(168,89,6,'2001-02-10'),(169,15,10,'1990-07-02'),(170,81,3,'1976-08-02'),(171,152,4,'1996-06-07'),(172,157,10,'2011-03-30'),(173,14,8,'2007-04-20'),(174,175,8,'2006-11-24'),(175,111,2,'2022-09-16'),(176,7,6,'1999-06-14'),(177,65,1,'1980-06-13'),(178,72,4,'1982-02-27'),(179,131,3,'2001-11-10'),(180,146,4,'2004-09-14'),(181,81,2,'2016-08-23'),(182,130,3,'1999-12-13'),(183,7,10,'2020-08-18'),(184,124,10,'2020-07-20'),(185,161,2,'2023-06-12'),(186,65,1,'1993-07-15'),(187,39,2,'2002-05-29'),(188,22,1,'1977-09-11'),(189,107,4,'1972-02-26'),(190,160,8,'2005-11-18'),(191,52,5,'2017-01-19'),(192,116,4,'2013-03-10'),(193,75,2,'1970-12-05'),(194,160,10,'1976-02-29'),(195,9,3,'1994-05-24'),(196,83,7,'2012-11-12'),(197,168,2,'2015-08-23'),(198,61,5,'2009-04-04'),(199,4,9,'1976-06-29'),(200,145,8,'1979-11-29');
/*!40000 ALTER TABLE `stockadjustment` ENABLE KEYS */;
UNLOCK TABLES;
/*!40103 SET TIME_ZONE=@OLD_TIME_ZONE */;

/*!40101 SET SQL_MODE=@OLD_SQL_MODE */;
/*!40014 SET FOREIGN_KEY_CHECKS=@OLD_FOREIGN_KEY_CHECKS */;
/*!40014 SET UNIQUE_CHECKS=@OLD_UNIQUE_CHECKS */;
/*!40101 SET CHARACTER_SET_CLIENT=@OLD_CHARACTER_SET_CLIENT */;
/*!40101 SET CHARACTER_SET_RESULTS=@OLD_CHARACTER_SET_RESULTS */;
/*!40101 SET COLLATION_CONNECTION=@OLD_COLLATION_CONNECTION */;
/*!40111 SET SQL_NOTES=@OLD_SQL_NOTES */;

-- Dump completed on 2025-02-06 17:16:30
